n,depth,output,node_id,modes,extents,M,N,K,batch,transpose,strides,bytes,consumer_count,producer_ids,consumer_ids,live_range
22,10,expectation,0,ba,2;2,2,2,2097152,1,0,2;1,32,1,-1;-1,1,0;1
22,10,expectation,1,,,1,1,4,1,0,,8,1,0;-1,2,1;2
22,10,state,0,Q,2,1,2,2,1,0,1,16,1,-1;-1,1,0;1
22,10,state,1,ÌÍR,2;2;2,1,8,2,1,0,4;2;1,64,1,0;-1,3,1;3
22,10,state,2,R,2,1,2,2,1,0,1,16,1,-1;-1,3,2;3
22,10,state,3,ÌÍ,2;2,4,1,2,1,0,2;1,32,1,1;2,4,3;4
22,10,state,4,Ì÷,2;2,2,2,2,1,0,2;1,32,1,3;-1,5,4;5
22,10,state,5,÷àáË,2;2;2;2,2,8,2,1,1,8;4;2;1,128,1,4;-1,7,5;7
22,10,state,6,áČč÷,2;2;2;2,2,8,2,1,1,8;4;2;1,128,1,-1;-1,7,6;7
22,10,state,7,àËČč,2;2;2;2,4,4,4,1,1,8;4;2;1,128,1,5;6,8,7;8
22,10,state,8,ËČčõ,2;2;2;2,8,2,2,1,1,8;4;2;1,128,1,7;-1,9,8;9
22,10,state,9,ËČčĊċô,2;2;2;2;2;2,8,8,2,1,0,32;16;8;4;2;1,512,1,8;-1,12,9;12
22,10,state,10,ĠċČĶ,2;2;2;2,8,2,2,1,1,8;4;2;1,128,1,-1;-1,11,10;11
22,10,state,11,ċČĶĵ,2;2;2;2,8,2,2,1,1,8;4;2;1,128,1,10;-1,12,11;12
22,10,state,12,ËčĊôĶĵ,2;2;2;2;2;2,16,4,4,1,1,32;16;8;4;2;1,512,1,9;11,25,12;25
22,10,state,13,N,2,1,2,2,1,0,1,16,1,-1;-1,14,13;14
22,10,state,14,ÈÉM,2;2;2,1,8,2,1,0,4;2;1,64,1,13;-1,16,14;16
22,10,state,15,M,2,1,2,2,1,0,1,16,1,-1;-1,16,15;16
22,10,state,16,ÈÉ,2;2,4,1,2,1,0,2;1,32,1,14;15,17,16;17
22,10,state,17,ÈÞßÊ,2;2;2;2,2,8,2,1,0,8;4;2;1,128,1,16;-1,18,17;18
22,10,state,18,ÈßÊó,2;2;2;2,8,2,2,1,1,8;4;2;1,128,1,17;-1,19,18;19
22,10,state,19,ÈÊóô,2;2;2;2,8,2,2,1,1,8;4;2;1,128,1,18;-1,24,19;24
22,10,state,20,P,2,1,2,2,1,0,1,16,1,-1;-1,21,20;21
22,10,state,21,ÊËO,2;2;2,1,8,2,1,0,4;2;1,64,1,20;-1,23,21;23
22,10,state,22,O,2,1,2,2,1,0,1,16,1,-1;-1,23,22;23
22,10,state,23,ÊË,2;2,4,1,2,1,0,2;1,32,1,21;22,24,23;24
22,10,state,24,ÈóôË,2;2;2;2,8,2,2,1,1,8;4;2;1,128,1,19;23,25,24;25
22,10,state,25,čĊĶĵÈó,2;2;2;2;2;2,16,4,4,1,1,32;16;8;4;2;1,512,1,12;24,29,25;29
22,10,state,26,šŋŌŵ,2;2;2;2,8,2,2,1,1,8;4;2;1,128,1,-1;-1,28,26;28
22,10,state,27,čŌōĶ,2;2;2;2,2,8,2,1,1,8;4;2;1,128,1,-1;-1,28,27;28
22,10,state,28,šŋŵčōĶ,2;2;2;2;2;2,8,8,2,1,1,32;16;8;4;2;1,512,1,26;27,29,28;29
22,10,state,29,ĊĵÈóšŋŵō,2;2;2;2;2;2;2;2,16,16,4,1,1,128;64;32;16;8;4;2;1,2048,1,25;28,33,29;33
22,10,state,30,ĞĉĊĴ,2;2;2;2,8,2,2,1,1,8;4;2;1,128,1,-1;-1,31,30;31
22,10,state,31,ĉĊĴĳ,2;2;2;2,8,2,2,1,1,8;4;2;1,128,1,30;-1,32,31;32
22,10,state,32,ĉĊĳŊŋĵ,2;2;2;2;2;2,8,8,2,1,1,32;16;8;4;2;1,512,1,31;-1,33,32;33
22,10,state,33,ÈóšŵōĉĳŊ,2;2;2;2;2;2;2;2,32,8,8,1,1,128;64;32;16;8;4;2;1,2048,1,29;32,34,33;34
22,10,state,34,ÈšŵōĳŊĈò,2;2;2;2;2;2;2;2,64,4,4,1,1,128;64;32;16;8;4;2;1,2048,1,33;-1,55,34;55
22,10,state,35,K,2,1,2,2,1,0,1,16,1,-1;-1,36,35;36
22,10,state,36,ÆÇL,2;2;2,1,8,2,1,0,4;2;1,64,1,35;-1,38,36;38
22,10,state,37,L,2,1,2,2,1,0,1,16,1,-1;-1,38,37;38
22,10,state,38,ÆÇ,2;2,4,1,2,1,0,2;1,32,1,36;37,40,38;40
22,10,state,39,ÝÇÈñ,2;2;2;2,8,2,2,1,1,8;4;2;1,128,1,-1;-1,40,39;40
22,10,state,40,ÆÝÈñ,2;2;2;2,2,8,2,1,0,8;4;2;1,128,1,38;39,41,40;41
22,10,state,41,ÆÈñò,2;2;2;2,8,2,2,1,1,8;4;2;1,128,1,40;-1,49,41;49
22,10,state,42,I,2,1,2,2,1,0,1,16,1,-1;-1,43,42;43
22,10,state,43,ÄÅJ,2;2;2,1,8,2,1,0,4;2;1,64,1,42;-1,45,43;45
22,10,state,44,J,2,1,2,2,1,0,1,16,1,-1;-1,45,44;45
22,10,state,45,ÄÅ,2;2,4,1,2,1,0,2;1,32,1,43;44,46,45;46
22,10,state,46,ÄÚÛÆ,2;2;2;2,2,8,2,1,0,8;4;2;1,128,1,45;-1,47,46;47
22,10,state,47,ÄÛÆï,2;2;2;2,8,2,2,1,1,8;4;2;1,128,1,46;-1,48,47;48
22,10,state,48,ÄÆïð,2;2;2;2,8,2,2,1,1,8;4;2;1,128,1,47;-1,49,48;49
22,10,state,49,ÈñòÄïð,2;2;2;2;2;2,8,8,2,1,1,32;16;8;4;2;1,512,1,41;48,50,49;50
22,10,state,50,ÈòÄïĆć,2;2;2;2;2;2,16,4,4,1,0,32;16;8;4;2;1,512,1,49;-1,54,50;54
22,10,state,51,ĝňŉĳ,2;2;2;2,2,8,2,1,1,8;4;2;1,128,1,-1;-1,53,51;53
22,10,state,52,ĝćĈı,2;2;2;2,8,2,2,1,1,8;4;2;1,128,1,-1;-1,53,52;53
22,10,state,53,ňŉĳćĈı,2;2;2;2;2;2,8,8,2,1,1,32;16;8;4;2;1,512,1,51;52,54,53;54
22,10,state,54,ÈòÄïĆňŉĳĈı,2;2;2;2;2;2;2;2;2;2,32,32,2,1,0,512;256;128;64;32;16;8;4;2;1,8192,1,50;53,55,54;55
22,10,state,55,šŵōŊÄïĆňŉı,2;2;2;2;2;2;2;2;2;2,16,64,16,1,0,512;256;128;64;32;16;8;4;2;1,8192,1,34;54,63,55;63
22,10,state,56,şƊƋŵ,2;2;2;2,2,8,2,1,1,8;4;2;1,128,1,-1;-1,58,56;58
22,10,state,57,ƞƉƊƴ,2;2;2;2,8,2,2,1,1,8;4;2;1,128,1,-1;-1,58,57;58
22,10,state,58,şƋŵƞƉƴ,2;2;2;2;2;2,8,8,2,1,1,32;16;8;4;2;1,512,1,56;57,62,58;62
22,10,state,59,ŞƈƉŲ,2;2;2;2,2,8,2,1,1,8;4;2;1,128,1,-1;-1,60,59;60
22,10,state,60,ŞƈƉŝ,2;2;2;2,8,2,2,1,0,8;4;2;1,128,1,59;-1,61,60;61
22,10,state,61,ƈƉŝşŉŊ,2;2;2;2;2;2,8,8,2,1,1,32;16;8;4;2;1,512,1,60;-1,62,61;62
22,10,state,62,ƋŵƞƴƈŝŉŊ,2;2;2;2;2;2;2;2,16,16,4,1,1,128;64;32;16;8;4;2;1,2048,1,58;61,63,62;63
22,10,state,63,šōÄïĆňıƋƞƴƈŝ,2;2;2;2;2;2;2;2;2;2;2;2,128,32,8,1,1,2048;1024;512;256;128;64;32;16;8;4;2;1,32768,1,55;62,76,63;76
22,10,state,64,ǌƶƷǷ,2;2;2;2,8,2,2,1,1,8;4;2;1,128,1,-1;-1,65,64;65
22,10,state,65,ǌƶǷƍ,2;2;2;2,8,2,2,1,1,8;4;2;1,128,1,64;-1,68,65;68
22,10,state,66,ōƌƍŶ,2;2;2;2,2,8,2,1,1,8;4;2;1,128,1,-1;-1,67,66;67
22,10,state,67,ōƌƍš,2;2;2;2,8,2,2,1,0,8;4;2;1,128,1,66;-1,68,67;68
22,10,state,68,ǌƶǷōƌš,2;2;2;2;2;2,8,8,2,1,0,32;16;8;4;2;1,512,1,65;67,71,68;71
22,10,state,69,ƠƋƌƶ,2;2;2;2,8,2,2,1,1,8;4;2;1,128,1,-1;-1,70,69;70
22,10,state,70,ƋƌƶƵ,2;2;2;2,8,2,2,1,1,8;4;2;1,128,1,69;-1,71,70;71
22,10,state,71,ǌǷōšƋƵ,2;2;2;2;2;2,16,4,4,1,1,32;16;8;4;2;1,512,1,68;70,75,71;75
22,10,state,72,ǠǋǌǶ,2;2;2;2,8,2,2,1,1,8;4;2;1,128,1,-1;-1,73,72;73
22,10,state,73,ǋǌǶǵ,2;2;2;2,8,2,2,1,1,8;4;2;1,128,1,72;-1,74,73;74
22,10,state,74,ǌǶǵǊƴƵ,2;2;2;2;2;2,8,8,2,1,1,32;16;8;4;2;1,512,1,73;-1,75,74;75
22,10,state,75,ǷōšƋǶǵǊƴ,2;2;2;2;2;2;2;2,16,16,4,1,0,128;64;32;16;8;4;2;1,2048,1,71;74,76,75;76
22,10,state,76,ÄïĆňıƞƈŝǷǶǵǊ,2;2;2;2;2;2;2;2;2;2;2;2,256,16,16,1,1,2048;1024;512;256;128;64;32;16;8;4;2;1,32768,1,63;75,84,76;84
22,10,state,77,ěąĆį,2;2;2;2,8,2,2,1,1,8;4;2;1,128,1,-1;-1,78,77;78
22,10,state,78,ąĆįİ,2;2;2;2,8,2,2,1,1,8;4;2;1,128,1,77;-1,80,78;80
22,10,state,79,ņİıŜŝň,2;2;2;2;2;2,8,8,2,1,1,32;16;8;4;2;1,512,1,-1;-1,80,79;80
22,10,state,80,ąĆįņıŜŝň,2;2;2;2;2;2;2;2,8,32,2,1,0,128;64;32;16;8;4;2;1,2048,1,78;79,83,80;83
22,10,state,81,śŅņů,2;2;2;2,8,2,2,1,1,8;4;2;1,128,1,-1;-1,82,81;82
22,10,state,82,śņůńĮį,2;2;2;2;2;2,8,8,2,1,1,32;16;8;4;2;1,512,1,81;-1,83,82;83
22,10,state,83,ąĆıŜŝňśůńĮ,2;2;2;2;2;2;2;2;2;2,64,16,4,1,1,512;256;128;64;32;16;8;4;2;1,8192,1,80;82,84,83;84
22,10,state,84,ÄïƞƈǷǶǵǊąŜśůńĮ,2;2;2;2;2;2;2;2;2;2;2;2;2;2,256,64,16,1,1,8192;4096;2048;1024;512;256;128;64;32;16;8;4;2;1,131072,1,76;83,88,84;88
22,10,state,85,śƆƇű,2;2;2;2,2,8,2,1,1,8;4;2;1,128,1,-1;-1,86,85;86
22,10,state,86,śƆƇŜ,2;2;2;2,8,2,2,1,0,8;4;2;1,128,1,85;-1,87,86;87
22,10,state,87,śƆŜƜƝƈ,2;2;2;2;2;2,8,8,2,1,1,32;16;8;4;2;1,512,1,86;-1,88,87;88
22,10,state,88,ÄïƞǷǶǵǊąůńĮƆƜƝ,2;2;2;2;2;2;2;2;2;2;2;2;2;2,2048,8,8,1,1,8192;4096;2048;1024;512;256;128;64;32;16;8;4;2;1,131072,1,84;87,94,88;94
22,10,state,89,ƞǈǉƲ,2;2;2;2,2,8,2,1,1,8;4;2;1,128,1,-1;-1,90,89;90
22,10,state,90,ƞǈǉƝ,2;2;2;2,8,2,2,1,0,8;4;2;1,128,1,89;-1,92,90;92
22,10,state,91,ǞǉǊǴ,2;2;2;2,8,2,2,1,1,8;4;2;1,128,1,-1;-1,92,91;92
22,10,state,92,ƞǈƝǞǊǴ,2;2;2;2;2;2,8,8,2,1,1,32;16;8;4;2;1,512,1,90;91,93,92;93
22,10,state,93,ƞǈƝǞǊȊȋǵ,2;2;2;2;2;2;2;2,32,8,2,1,0,128;64;32;16;8;4;2;1,2048,1,92;-1,94,93;94
22,10,state,94,ÄïǷǶąůńĮƆƜǈǞȊȋ,2;2;2;2;2;2;2;2;2;2;2;2;2;2,1024,16,16,1,0,8192;4096;2048;1024;512;256;128;64;32;16;8;4;2;1,131072,1,88;93,97,94;97
22,10,state,95,ȠȋȌȶ,2;2;2;2,8,2,2,1,1,8;4;2;1,128,1,-1;-1,96,95;96
22,10,state,96,ȠȋȶȍǶǷ,2;2;2;2;2;2,8,8,2,1,1,32;16;8;4;2;1,512,1,95;-1,97,96;97
22,10,state,97,ÄïąůńĮƆƜǈǞȊȠȶȍ,2;2;2;2;2;2;2;2;2;2;2;2;2;2,2048,8,8,1,0,8192;4096;2048;1024;512;256;128;64;32;16;8;4;2;1,131072,1,94;96,99,97;99
22,10,state,98,ȠɊɋȴ,2;2;2;2,2,8,2,1,1,8;4;2;1,128,1,-1;-1,99,98;99
22,10,state,99,ÄïąůńĮƆƜǈǞȊȶȍɊɋȴ,2;2;2;2;2;2;2;2;2;2;2;2;2;2;2;2,8192,8,2,1,1,32768;16384;8192;4096;2048;1024;512;256;128;64;32;16;8;4;2;1,524288,1,97;98,111,99;111
22,10,state,100,ȞȉȊȴ,2;2;2;2,8,2,2,1,1,8;4;2;1,128,1,-1;-1,101,100;101
22,10,state,101,ȉȊȴȳ,2;2;2;2,8,2,2,1,1,8;4;2;1,128,1,100;-1,103,101;103
22,10,state,102,ǞȈȉǲ,2;2;2;2,2,8,2,1,1,8;4;2;1,128,1,-1;-1,103,102;103
22,10,state,103,ȊȴȳǞȈǲ,2;2;2;2;2;2,8,8,2,1,1,32;16;8;4;2;1,512,1,101;102,106,103;106
22,10,state,104,ȝȇȈȱ,2;2;2;2,8,2,2,1,1,8;4;2;1,128,1,-1;-1,105,104;105
22,10,state,105,ȇȈȱȲ,2;2;2;2,8,2,2,1,1,8;4;2;1,128,1,104;-1,106,105;106
22,10,state,106,ȊȴȳǞǲȇȱȲ,2;2;2;2;2;2;2;2,32,8,2,1,1,128;64;32;16;8;4;2;1,2048,1,103;105,110,106;110
22,10,state,107,ɟɉɊɳ,2;2;2;2,8,2,2,1,1,8;4;2;1,128,1,-1;-1,108,107;108
22,10,state,108,ɉɊɳɴ,2;2;2;2,8,2,2,1,1,8;4;2;1,128,1,107;-1,109,108;109
22,10,state,109,ɊɳɴɈȲȳ,2;2;2;2;2;2,8,8,2,1,1,32;16;8;4;2;1,512,1,108;-1,110,109;110
22,10,state,110,ȊȴǞǲȇȱɊɳɴɈ,2;2;2;2;2;2;2;2;2;2,64,16,4,1,0,512;256;128;64;32;16;8;4;2;1,8192,1,106;109,111,110;111
22,10,state,111,ÄïąůńĮƆƜǈȶȍɋǲȇȱɳɴɈ,2;2;2;2;2;2;2;2;2;2;2;2;2;2;2;2;2;2,4096,64,16,1,0,131072;65536;32768;16384;8192;4096;2048;1024;512;256;128;64;32;16;8;4;2;1,2097152,1,99;110,120,111;120
22,10,state,112,ǚǅǆǰ,2;2;2;2,8,2,2,1,1,8;4;2;1,128,1,-1;-1,113,112;113
22,10,state,113,ǅǆǰǯ,2;2;2;2,8,2,2,1,1,8;4;2;1,128,1,112;-1,115,113;115
22,10,state,114,ƜǆǇư,2;2;2;2,2,8,2,1,1,8;4;2;1,128,1,-1;-1,115,114;115
22,10,state,115,ǅǰǯƜǇư,2;2;2;2;2;2,8,8,2,1,1,32;16;8;4;2;1,512,1,113;114,119,115;119
22,10,state,116,ǜȆȇǰ,2;2;2;2,2,8,2,1,1,8;4;2;1,128,1,-1;-1,118,116;118
22,10,state,117,ǜǇǈǲ,2;2;2;2,8,2,2,1,1,8;4;2;1,128,1,-1;-1,118,117;118
22,10,state,118,ȆȇǰǇǈǲ,2;2;2;2;2;2,8,8,2,1,1,32;16;8;4;2;1,512,1,116;117,119,118;119
22,10,state,119,ǅǯƜưȆȇǈǲ,2;2;2;2;2;2;2;2,16,16,4,1,1,128;64;32;16;8;4;2;1,2048,1,115;118,120,119;120
22,10,state,120,ÄïąůńĮƆȶȍɋȱɳɴɈǅǯưȆ,2;2;2;2;2;2;2;2;2;2;2;2;2;2;2;2;2;2,16384,16,16,1,1,131072;65536;32768;16384;8192;4096;2048;1024;512;256;128;64;32;16;8;4;2;1,2097152,1,111;119,121,120;121
22,10,state,121,ÄïąůńĮƆȶȍɋȱɳɴɈǅǯȆƛ,2;2;2;2;2;2;2;2;2;2;2;2;2;2;2;2;2;2,131072,2,2,1,1,131072;65536;32768;16384;8192;4096;2048;1024;512;256;128;64;32;16;8;4;2;1,2097152,1,120;-1,122,121;122
22,10,state,122,ÄïąůńĮȶȍɋȱɳɴɈǅǯȆƚƅ,2;2;2;2;2;2;2;2;2;2;2;2;2;2;2;2;2;2,65536,4,4,1,0,131072;65536;32768;16384;8192;4096;2048;1024;512;256;128;64;32;16;8;4;2;1,2097152,1,121;-1,126,122;126
22,10,state,123,řƄƅů,2;2;2;2,2,8,2,1,1,8;4;2;1,128,1,-1;-1,124,123;124
22,10,state,124,ƄƅůŘŃń,2;2;2;2;2;2,8,8,2,1,1,32;16;8;4;2;1,512,1,123;-1,125,124;125
22,10,state,125,ƄƅůŃńŭ,2;2;2;2;2;2,32,2,2,1,1,32;16;8;4;2;1,512,1,124;-1,126,125;126
22,10,state,126,ÄïąĮȶȍɋȱɳɴɈǅǯȆƚƄŃŭ,2;2;2;2;2;2;2;2;2;2;2;2;2;2;2;2;2;2,32768,8,8,1,0,131072;65536;32768;16384;8192;4096;2048;1024;512;256;128;64;32;16;8;4;2;1,2097152,1,122;125,127,126;127
22,10,state,127,ÄïąĮȶȍɋȱɳɴɈǅǯȆƄŃŭƯ,2;2;2;2;2;2;2;2;2;2;2;2;2;2;2;2;2;2,131072,2,2,1,1,131072;65536;32768;16384;8192;4096;2048;1024;512;256;128;64;32;16;8;4;2;1,2097152,1,126;-1,132,127;132
22,10,state,128,ƙǄǅƯ,2;2;2;2,2,8,2,1,1,8;4;2;1,128,1,-1;-1,129,128;129
22,10,state,129,ǄǅƯƘƃƄ,2;2;2;2;2;2,8,8,2,1,1,32;16;8;4;2;1,512,1,128;-1,130,129;130
22,10,state,130,ǄǅƯƘƄƂŬŭ,2;2;2;2;2;2;2;2,32,8,2,1,1,128;64;32;16;8;4;2;1,2048,1,129;-1,131,130;131
22,10,state,131,ǄǅƯƘƄƂŭŗ,2;2;2;2;2;2;2;2,128,2,2,1,1,128;64;32;16;8;4;2;1,2048,1,130;-1,132,131;132
22,10,state,132,ÄïąĮȶȍɋȱɳɴɈǯȆŃǄƘƂŗ,2;2;2;2;2;2;2;2;2;2;2;2;2;2;2;2;2;2,16384,16,16,1,0,131072;65536;32768;16384;8192;4096;2048;1024;512;256;128;64;32;16;8;4;2;1,2097152,1,127;131,133,132;133
22,10,state,133,ÄïąĮȶȍɋȱɳɴɈǯȆŃǄƂŗƭ,2;2;2;2;2;2;2;2;2;2;2;2;2;2;2;2;2;2,131072,2,2,1,1,131072;65536;32768;16384;8192;4096;2048;1024;512;256;128;64;32;16;8;4;2;1,2097152,1,132;-1,165,133;165
22,10,state,134,G,2,1,2,2,1,0,1,16,1,-1;-1,135,134;135
22,10,state,135,ÂÃH,2;2;2,1,8,2,1,0,4;2;1,64,1,134;-1,137,135;137
22,10,state,136,H,2,1,2,2,1,0,1,16,1,-1;-1,137,136;137
22,10,state,137,ÂÃ,2;2,4,1,2,1,0,2;1,32,1,135;136,139,137;139
22,10,state,138,×ÁÂë,2;2;2;2,8,2,2,1,1,8;4;2;1,128,1,-1;-1,139,138;139
22,10,state,139,Ã×Áë,2;2;2;2,2,8,2,1,1,8;4;2;1,128,1,137;138,140,139;140
22,10,state,140,ÃÁëì,2;2;2;2,8,2,2,1,1,8;4;2;1,128,1,139;-1,143,140;143
22,10,state,141,ØÃÄî,2;2;2;2,8,2,2,1,1,8;4;2;1,128,1,-1;-1,142,141;142
22,10,state,142,ÃÄîí,2;2;2;2,8,2,2,1,1,8;4;2;1,128,1,141;-1,143,142;143
22,10,state,143,ÁëìÄîí,2;2;2;2;2;2,8,8,2,1,1,32;16;8;4;2;1,512,1,140;142,144,143;144
22,10,state,144,ÁëÄîĂă,2;2;2;2;2;2,16,4,4,1,0,32;16;8;4;2;1,512,1,143;-1,148,144;148
22,10,state,145,ęăĄĭ,2;2;2;2,8,2,2,1,1,8;4;2;1,128,1,-1;-1,146,145;146
22,10,state,146,ăĄĭĮ,2;2;2;2,8,2,2,1,1,8;4;2;1,128,1,145;-1,147,146;147
22,10,state,147,ăĭĮąîï,2;2;2;2;2;2,8,8,2,1,1,32;16;8;4;2;1,512,1,146;-1,148,147;148
22,10,state,148,ÁëÄĂĭĮąï,2;2;2;2;2;2;2;2,16,16,4,1,0,128;64;32;16;8;4;2;1,2048,1,144;147,152,148;152
22,10,state,149,ėłŃĭ,2;2;2;2,2,8,2,1,1,8;4;2;1,128,1,-1;-1,151,149;151
22,10,state,150,ėāĂī,2;2;2;2,8,2,2,1,1,8;4;2;1,128,1,-1;-1,151,150;151
22,10,state,151,łŃĭāĂī,2;2;2;2;2;2,8,8,2,1,1,32;16;8;4;2;1,512,1,149;150,152,151;152
22,10,state,152,ÁëÄĮąïłŃāī,2;2;2;2;2;2;2;2;2;2,64,16,4,1,1,512;256;128;64;32;16;8;4;2;1,8192,1,148;151,161,152;161
22,10,state,153,ŕĿŀũ,2;2;2;2,8,2,2,1,1,8;4;2;1,128,1,-1;-1,155,153;155
22,10,state,154,ĕŀŁī,2;2;2;2,2,8,2,1,1,8;4;2;1,128,1,-1;-1,155,154;155
22,10,state,155,ŕĿũĕŁī,2;2;2;2;2;2,8,8,2,1,1,32;16;8;4;2;1,512,1,153;154,159,155;159
22,10,state,156,ŕƀƁū,2;2;2;2,2,8,2,1,1,8;4;2;1,128,1,-1;-1,157,156;157
22,10,state,157,ŕƀƁŖ,2;2;2;2,8,2,2,1,0,8;4;2;1,128,1,156;-1,158,157;158
22,10,state,158,ŕƀƁŗŁł,2;2;2;2;2;2,8,8,2,1,0,32;16;8;4;2;1,512,1,157;-1,159,158;159
22,10,state,159,ĿũĕīƀƁŗł,2;2;2;2;2;2;2;2,16,16,4,1,1,128;64;32;16;8;4;2;1,2048,1,155;158,160,159;160
22,10,state,160,ĿũĕīƀŗłƖƗƂ,2;2;2;2;2;2;2;2;2;2,128,8,2,1,1,512;256;128;64;32;16;8;4;2;1,8192,1,159;-1,161,160;161
22,10,state,161,ÁëÄĮąïŃāĿũĕƀŗƖƗƂ,2;2;2;2;2;2;2;2;2;2;2;2;2;2;2;2,256,256,4,1,0,32768;16384;8192;4096;2048;1024;512;256;128;64;32;16;8;4;2;1,524288,1,152;160,164,161;164
22,10,state,162,Ɨǂǃƭ,2;2;2;2,2,8,2,1,1,8;4;2;1,128,1,-1;-1,163,162;163
22,10,state,163,ƗǂƭǘǙǄ,2;2;2;2;2;2,8,8,2,1,1,32;16;8;4;2;1,512,1,162;-1,164,163;164
22,10,state,164,ÁëÄĮąïŃāĿũĕƀŗƖƂǂƭǘǙǄ,2;2;2;2;2;2;2;2;2;2;2;2;2;2;2;2;2;2;2;2,32768,32,2,1,1,524288;262144;131072;65536;32768;16384;8192;4096;2048;1024;512;256;128;64;32;16;8;4;2;1,8388608,1,161;163,165,164;165
22,10,state,165,ȶȍɋȱɳɴɈǯȆÁëāĿũĕƀƖǂǘǙ,2;2;2;2;2;2;2;2;2;2;2;2;2;2;2;2;2;2;2;2,512,2048,512,1,0,524288;262144;131072;65536;32768;16384;8192;4096;2048;1024;512;256;128;64;32;16;8;4;2;1,8388608,1,133;164,168,165;168
22,10,state,166,ĔľĿĨ,2;2;2;2,2,8,2,1,1,8;4;2;1,128,1,-1;-1,167,166;167
22,10,state,167,ĔľĿē,2;2;2;2,8,2,2,1,0,8;4;2;1,128,1,166;-1,168,167;168
22,10,state,168,ȶȍɋȱɳɴɈǯȆÁëāũĕƀƖǂǘǙĔľē,2;2;2;2;2;2;2;2;2;2;2;2;2;2;2;2;2;2;2;2;2;2,524288,8,2,1,1,2097152;1048576;524288;262144;131072;65536;32768;16384;8192;4096;2048;1024;512;256;128;64;32;16;8;4;2;1,33554432,1,165;167,235,168;235
22,10,state,169,x,2,1,2,2,1,0,1,16,1,-1;-1,170,169;170
22,10,state,170,STw,2;2;2,1,8,2,1,0,4;2;1,64,1,169;-1,172,170;172
22,10,state,171,w,2,1,2,2,1,0,1,16,1,-1;-1,172,171;172
22,10,state,172,ST,2;2,4,1,2,1,0,2;1,32,1,170;171,173,172;173
22,10,state,173,Tâ,2;2,2,2,2,1,1,2;1,32,1,172;-1,174,173;174
22,10,state,174,âÎÏU,2;2;2;2,2,8,2,1,1,8;4;2;1,128,1,173;-1,175,174;175
22,10,state,175,âÎUä,2;2;2;2,8,2,2,1,1,8;4;2;1,128,1,174;-1,180,175;180
22,10,state,176,z,2,1,2,2,1,0,1,16,1,-1;-1,177,176;177
22,10,state,177,UVy,2;2;2,1,8,2,1,0,4;2;1,64,1,176;-1,179,177;179
22,10,state,178,y,2,1,2,2,1,0,1,16,1,-1;-1,179,178;179
22,10,state,179,UV,2;2,4,1,2,1,0,2;1,32,1,177;178,180,179;180
22,10,state,180,âÎäV,2;2;2;2,8,2,2,1,1,8;4;2;1,128,1,175;179,181,180;181
22,10,state,181,âäVã,2;2;2;2,8,2,2,1,1,8;4;2;1,128,1,180;-1,182,181;182
22,10,state,182,äVøù,2;2;2;2,4,4,4,1,0,8;4;2;1,128,1,181;-1,183,182;183
22,10,state,183,äVùĢ,2;2;2;2,8,2,2,1,1,8;4;2;1,128,1,182;-1,185,183;185
22,10,state,184,ďùúģ,2;2;2;2,8,2,2,1,1,8;4;2;1,128,1,-1;-1,185,184;185
22,10,state,185,äVĢďúģ,2;2;2;2;2;2,8,8,2,1,1,32;16;8;4;2;1,512,1,183;184,189,185;189
22,10,state,186,ĐûüĦ,2;2;2;2,8,2,2,1,1,8;4;2;1,128,1,-1;-1,187,186;187
22,10,state,187,ûüĦĥ,2;2;2;2,8,2,2,1,1,8;4;2;1,128,1,186;-1,188,187;188
22,10,state,188,üĦĥúäå,2;2;2;2;2;2,8,8,2,1,1,32;16;8;4;2;1,512,1,187;-1,189,188;189
22,10,state,189,VĢďģüĦĥå,2;2;2;2;2;2;2;2,16,16,4,1,1,128;64;32;16;8;4;2;1,2048,1,185;188,198,189;198
22,10,state,190,A,2,1,2,2,1,0,1,16,1,-1;-1,191,190;191
22,10,state,191,WXB,2;2;2,1,8,2,1,0,4;2;1,64,1,190;-1,193,191;193
22,10,state,192,B,2,1,2,2,1,0,1,16,1,-1;-1,193,192;193
22,10,state,193,WX,2;2,4,1,2,1,0,2;1,32,1,191;192,195,193;195
22,10,state,194,ÑVWå,2;2;2;2,8,2,2,1,1,8;4;2;1,128,1,-1;-1,195,194;195
22,10,state,195,XÑVå,2;2;2;2,2,8,2,1,1,8;4;2;1,128,1,193;194,196,195;196
22,10,state,196,XVåæ,2;2;2;2,8,2,2,1,1,8;4;2;1,128,1,195;-1,197,196;197
22,10,state,197,XVåüýç,2;2;2;2;2;2,8,8,2,1,0,32;16;8;4;2;1,512,1,196;-1,198,197;198
22,10,state,198,ĢďģĦĥXýç,2;2;2;2;2;2;2;2,32,8,8,1,0,128;64;32;16;8;4;2;1,2048,1,189;197,200,198;200
22,10,state,199,ďĺĻĥ,2;2;2;2,2,8,2,1,1,8;4;2;1,128,1,-1;-1,200,199;200
22,10,state,200,ĢģĦXýçĺĻ,2;2;2;2;2;2;2;2,64,4,4,1,1,128;64;32;16;8;4;2;1,2048,1,198;199,206,200;206
22,10,state,201,ĸŸŹţ,2;2;2;2,2,8,2,1,1,8;4;2;1,128,1,-1;-1,202,201;202
22,10,state,202,ĸŸŹŎ,2;2;2;2,8,2,2,1,0,8;4;2;1,128,1,201;-1,203,202;203
22,10,state,203,ĸŹŎƢ,2;2;2;2,8,2,2,1,1,8;4;2;1,128,1,202;-1,205,203;205
22,10,state,204,ĸĢģŎŏĺ,2;2;2;2;2;2,8,8,2,1,1,32;16;8;4;2;1,512,1,-1;-1,205,204;205
22,10,state,205,ŹƢĢģŏĺ,2;2;2;2;2;2,4,16,4,1,1,32;16;8;4;2;1,512,1,203;204,206,205;206
22,10,state,206,ĦXýçĻŹƢŏ,2;2;2;2;2;2;2;2,32,8,8,1,1,128;64;32;16;8;4;2;1,2048,1,200;205,207,206;207
22,10,state,207,ĦXçĻŹƢŏĒēþ,2;2;2;2;2;2;2;2;2;2,128,8,2,1,1,512;256;128;64;32;16;8;4;2;1,8192,1,206;-1,224,207;224
22,10,state,208,C,2,1,2,2,1,0,1,16,1,-1;-1,209,208;209
22,10,state,209,YZD,2;2;2,1,8,2,1,0,4;2;1,64,1,208;-1,211,209;211
22,10,state,210,D,2,1,2,2,1,0,1,16,1,-1;-1,211,210;211
22,10,state,211,YZ,2;2,4,1,2,1,0,2;1,32,1,209;210,212,211;212
22,10,state,212,YÔÕÀ,2;2;2;2,2,8,2,1,0,8;4;2;1,128,1,211;-1,217,212;217
22,10,state,213,E,2,1,2,2,1,0,1,16,1,-1;-1,214,213;214
22,10,state,214,ÀÁF,2;2;2,1,8,2,1,0,4;2;1,64,1,213;-1,216,214;216
22,10,state,215,F,2,1,2,2,1,0,1,16,1,-1;-1,216,215;216
22,10,state,216,ÀÁ,2;2,4,1,2,1,0,2;1,32,1,214;215,217,216;217
22,10,state,217,YÔÕÁ,2;2;2;2,8,2,2,1,0,8;4;2;1,128,1,212;216,218,217;218
22,10,state,218,YÕÁé,2;2;2;2,8,2,2,1,1,8;4;2;1,128,1,217;-1,222,218;222
22,10,state,219,ÓXYç,2;2;2;2,8,2,2,1,1,8;4;2;1,128,1,-1;-1,220,219;220
22,10,state,220,XYçè,2;2;2;2,8,2,2,1,1,8;4;2;1,128,1,219;-1,221,220;221
22,10,state,221,XYçþÿé,2;2;2;2;2;2,8,8,2,1,0,32;16;8;4;2;1,512,1,220;-1,222,221;222
22,10,state,222,ÕÁXçþÿ,2;2;2;2;2;2,4,16,4,1,0,32;16;8;4;2;1,512,1,218;221,223,222;223
22,10,state,223,ÁXçþÿê,2;2;2;2;2;2,32,2,2,1,1,32;16;8;4;2;1,512,1,222;-1,224,223;224
22,10,state,224,ĦĻŹƢŏĒēÁÿê,2;2;2;2;2;2;2;2;2;2,128,8,8,1,0,512;256;128;64;32;16;8;4;2;1,8192,1,207;223,232,224;232
22,10,state,225,ŏźŻť,2;2;2;2,2,8,2,1,1,8;4;2;1,128,1,-1;-1,226,225;226
22,10,state,226,ŏźŻŐ,2;2;2;2,8,2,2,1,0,8;4;2;1,128,1,225;-1,228,226;228
22,10,state,227,ƏŹźƣ,2;2;2;2,8,2,2,1,1,8;4;2;1,128,1,-1;-1,228,227;228
22,10,state,228,ŏŻŐƏŹƣ,2;2;2;2;2;2,8,8,2,1,1,32;16;8;4;2;1,512,1,226;227,231,228;231
22,10,state,229,ĒļĽĦ,2;2;2;2,2,8,2,1,1,8;4;2;1,128,1,-1;-1,230,229;230
22,10,state,230,ĒĽĦŐőĻ,2;2;2;2;2;2,8,8,2,1,1,32;16;8;4;2;1,512,1,229;-1,231,230;231
22,10,state,231,ŏŻƏŹƣĒĽĦőĻ,2;2;2;2;2;2;2;2;2;2,32,32,2,1,1,512;256;128;64;32;16;8;4;2;1,8192,1,228;230,232,231;232
22,10,state,232,ƢēÁÿêŻƏƣĽő,2;2;2;2;2;2;2;2;2;2,32,32,32,1,1,512;256;128;64;32;16;8;4;2;1,8192,1,224;231,234,232;234
22,10,state,233,āêëĔĕÿ,2;2;2;2;2;2,8,8,2,1,1,32;16;8;4;2;1,512,1,-1;-1,234,233;234
22,10,state,234,ƢēÁŻƏƣĽőāëĔĕ,2;2;2;2;2;2;2;2;2;2;2;2,256,16,4,1,1,2048;1024;512;256;128;64;32;16;8;4;2;1,32768,1,232;233,235,234;235
22,10,state,235,ȶȍɋȱɳɴɈǯȆũƀƖǂǘǙľƢŻƏƣĽő,2;2;2;2;2;2;2;2;2;2;2;2;2;2;2;2;2;2;2;2;2;2,65536,64,64,1,0,2097152;1048576;524288;262144;131072;65536;32768;16384;8192;4096;2048;1024;512;256;128;64;32;16;8;4;2;1,33554432,1,168;234,236,235;236
22,10,state,236,ȶȍɋȱɳɴɈǯȆũƀƖǂǘǙƢŻƏƣőŒœ,2;2;2;2;2;2;2;2;2;2;2;2;2;2;2;2;2;2;2;2;2;2,1048576,4,4,1,1,2097152;1048576;524288;262144;131072;65536;32768;16384;8192;4096;2048;1024;512;256;128;64;32;16;8;4;2;1,33554432,1,235;-1,237,236;237
22,10,state,237,ȶȍɋȱɳɴɈǯȆũƀǂǘǙƢŻƏƣőŒœƫ,2;2;2;2;2;2;2;2;2;2;2;2;2;2;2;2;2;2;2;2;2;2,2097152,2,2,1,1,2097152;1048576;524288;262144;131072;65536;32768;16384;8192;4096;2048;1024;512;256;128;64;32;16;8;4;2;1,33554432,1,236;-1,269,237;269
22,10,state,238,ȗɂɃȭ,2;2;2;2,2,8,2,1,1,8;4;2;1,128,1,-1;-1,239,238;239
22,10,state,239,ȗɂɃȘ,2;2;2;2,8,2,2,1,0,8;4;2;1,128,1,238;-1,240,239;240
22,10,state,240,ȗɂȘɘəɄ,2;2;2;2;2;2,8,8,2,1,1,32;16;8;4;2;1,512,1,239;-1,243,240;243
22,10,state,241,ȂǬǭȘșȄ,2;2;2;2;2;2,8,8,2,1,1,32;16;8;4;2;1,512,1,-1;-1,242,241;242
22,10,state,242,ǬǭȘșȄȖȗȁ,2;2;2;2;2;2;2;2,32,8,2,1,1,128;64;32;16;8;4;2;1,2048,1,241;-1,243,242;243
22,10,state,243,ɂɘəɄǬǭșȄȖȁ,2;2;2;2;2;2;2;2;2;2,16,64,4,1,1,512;256;128;64;32;16;8;4;2;1,8192,1,240;242,244,243;244
22,10,state,244,ɂɘəɄǭșȄȖȁǗ,2;2;2;2;2;2;2;2;2;2,512,2,2,1,1,512;256;128;64;32;16;8;4;2;1,8192,1,243;-1,245,244;245
22,10,state,245,ɂɘəɄǭșȄȖǗȀǪǫ,2;2;2;2;2;2;2;2;2;2;2;2,512,8,2,1,1,2048;1024;512;256;128;64;32;16;8;4;2;1,32768,1,244;-1,246,245;246
22,10,state,246,ɂɘəɄǭșȄȖǗȀǪǖ,2;2;2;2;2;2;2;2;2;2;2;2,2048,2,2,1,0,2048;1024;512;256;128;64;32;16;8;4;2;1,32768,1,245;-1,247,246;247
22,10,state,247,ɂɘəɄǭșȖǗȀǪǖȅǮǯ,2;2;2;2;2;2;2;2;2;2;2;2;2;2,2048,8,2,1,1,8192;4096;2048;1024;512;256;128;64;32;16;8;4;2;1,131072,1,246;-1,248,247;248
22,10,state,248,ɂɘəɄǭșȖǗȀǪǖȅǯǙ,2;2;2;2;2;2;2;2;2;2;2;2;2;2,8192,2,2,1,1,8192;4096;2048;1024;512;256;128;64;32;16;8;4;2;1,131072,1,247;-1,249,248;249
22,10,state,249,ɂɘəɄǭșȖǗȀǖȅǯǙǕ,2;2;2;2;2;2;2;2;2;2;2;2;2;2,8192,2,2,1,1,8192;4096;2048;1024;512;256;128;64;32;16;8;4;2;1,131072,1,248;-1,250,249;250
22,10,state,250,ɂɘəɄșȖǗȀǖȅǯǙǕǘ,2;2;2;2;2;2;2;2;2;2;2;2;2;2,8192,2,2,1,1,8192;4096;2048;1024;512;256;128;64;32;16;8;4;2;1,131072,1,249;-1,251,250;251
22,10,state,251,ɂɘəɄȖǗȀǖȅǯǙǕǘȮ,2;2;2;2;2;2;2;2;2;2;2;2;2;2,8192,2,2,1,1,8192;4096;2048;1024;512;256;128;64;32;16;8;4;2;1,131072,1,250;-1,252,251;252
22,10,state,252,ɂɘəȖǗȀǖȅǯǙǕǘɅȯ,2;2;2;2;2;2;2;2;2;2;2;2;2;2,4096,4,4,1,0,8192;4096;2048;1024;512;256;128;64;32;16;8;4;2;1,131072,1,251;-1,264,252;264
22,10,state,253,ƕſƀƩ,2;2;2;2,8,2,2,1,1,8;4;2;1,128,1,-1;-1,255,253;255
22,10,state,254,ƓƾƿƩ,2;2;2;2,2,8,2,1,1,8;4;2;1,128,1,-1;-1,255,254;255
22,10,state,255,ƕſƀƓƾƿ,2;2;2;2;2;2,8,8,2,1,0,32;16;8;4;2;1,512,1,253;254,256,255;256
22,10,state,256,ƕſƀƾƿƒŽž,2;2;2;2;2;2;2;2,32,8,2,1,1,128;64;32;16;8;4;2;1,2048,1,255;-1,257,256;257
22,10,state,257,ſƀƾƿƒŽžƪ,2;2;2;2;2;2;2;2,128,2,2,1,1,128;64;32;16;8;4;2;1,2048,1,256;-1,258,257;258
22,10,state,258,ſƀƾƿƒŽžǀǁƫ,2;2;2;2;2;2;2;2;2;2,128,8,2,1,0,512;256;128;64;32;16;8;4;2;1,8192,1,257;-1,260,258;260
22,10,state,259,ŒżŽŦ,2;2;2;2,2,8,2,1,1,8;4;2;1,128,1,-1;-1,260,259;260
22,10,state,260,ſƀƾƿƒžǀǁƫŒżŦ,2;2;2;2;2;2;2;2;2;2;2;2,512,8,2,1,1,2048;1024;512;256;128;64;32;16;8;4;2;1,32768,1,258;259,261,260;261
22,10,state,261,ſƀƾƿƒžǀǁƫŒżő,2;2;2;2;2;2;2;2;2;2;2;2,2048,2,2,1,0,2048;1024;512;256;128;64;32;16;8;4;2;1,32768,1,260;-1,262,261;262
22,10,state,262,ſƀƾƿƒžǀƫŒżőǖǗǂ,2;2;2;2;2;2;2;2;2;2;2;2;2;2,2048,8,2,1,1,8192;4096;2048;1024;512;256;128;64;32;16;8;4;2;1,131072,1,261;-1,263,262;263
22,10,state,263,ſƀƾƒžƫŒżőǖǗǂǔǕ,2;2;2;2;2;2;2;2;2;2;2;2;2;2,4096,4,4,1,1,8192;4096;2048;1024;512;256;128;64;32;16;8;4;2;1,131072,1,262;-1,264,263;264
22,10,state,264,ɂɘəȖȀȅǯǙǘɅȯſƀƾƒžƫŒżőǂǔ,2;2;2;2;2;2;2;2;2;2;2;2;2;2;2;2;2;2;2;2;2;2,2048,2048,8,1,1,2097152;1048576;524288;262144;131072;65536;32768;16384;8192;4096;2048;1024;512;256;128;64;32;16;8;4;2;1,33554432,1,252;263,265,264;265
22,10,state,265,ɂɘəȖȀȅǯǙǘɅȯƀƾƒƫŒżőǂǔŨũ,2;2;2;2;2;2;2;2;2;2;2;2;2;2;2;2;2;2;2;2;2;2,1048576,4,4,1,1,2097152;1048576;524288;262144;131072;65536;32768;16384;8192;4096;2048;1024;512;256;128;64;32;16;8;4;2;1,33554432,1,264;-1,266,265;266
22,10,state,266,ɂɘəȖȀȅǯǙǘɅȯƀƾƒƫŒżőǂǔũœ,2;2;2;2;2;2;2;2;2;2;2;2;2;2;2;2;2;2;2;2;2;2,2097152,2,2,1,1,2097152;1048576;524288;262144;131072;65536;32768;16384;8192;4096;2048;1024;512;256;128;64;32;16;8;4;2;1,33554432,1,265;-1,267,266;267
22,10,state,267,ɂɘəȖȀȅǯǙǘɅƀƾƒƫŒżőǂǔũœȚ,2;2;2;2;2;2;2;2;2;2;2;2;2;2;2;2;2;2;2;2;2;2,2097152,2,2,1,1,2097152;1048576;524288;262144;131072;65536;32768;16384;8192;4096;2048;1024;512;256;128;64;32;16;8;4;2;1,33554432,1,266;-1,268,267;268
22,10,state,268,ɂɘəȖȀǯǙǘɅƀƾƒƫŒżőǂǔũœțȆ,2;2;2;2;2;2;2;2;2;2;2;2;2;2;2;2;2;2;2;2;2;2,1048576,4,4,1,0,2097152;1048576;524288;262144;131072;65536;32768;16384;8192;4096;2048;1024;512;256;128;64;32;16;8;4;2;1,33554432,1,267;-1,269,268;269
22,10,state,269,ȶȍɋȱɳɴɈƢŻƏƣɂɘəȖȀɅƾƒżǔț,2;2;2;2;2;2;2;2;2;2;2;2;2;2;2;2;2;2;2;2;2;2,2048,2048,2048,1,0,2097152;1048576;524288;262144;131072;65536;32768;16384;8192;4096;2048;1024;512;256;128;64;32;16;8;4;2;1,33554432,1,237;268,271,269;271
22,10,state,270,țɆɇȱ,2;2;2;2,2,8,2,1,1,8;4;2;1,128,1,-1;-1,271,270;271
22,10,state,271,ȶȍɋɳɴɈƢŻƏƣɂɘəȖȀɅƾƒżǔɆɇ,2;2;2;2;2;2;2;2;2;2;2;2;2;2;2;2;2;2;2;2;2;2,1048576,4,4,1,0,2097152;1048576;524288;262144;131072;65536;32768;16384;8192;4096;2048;1024;512;256;128;64;32;16;8;4;2;1,33554432,1,269;270,274,271;274
22,10,state,272,ƐŻżƦ,2;2;2;2,8,2,2,1,1,8;4;2;1,128,1,-1;-1,273,272;273
22,10,state,273,ŻżƦƥ,2;2;2;2,8,2,2,1,1,8;4;2;1,128,1,272;-1,274,273;274
22,10,state,274,ȶȍɋɳɴɈƢƏƣɂɘəȖȀɅƾƒǔɆɇƦƥ,2;2;2;2;2;2;2;2;2;2;2;2;2;2;2;2;2;2;2;2;2;2,1048576,4,4,1,1,2097152;1048576;524288;262144;131072;65536;32768;16384;8192;4096;2048;1024;512;256;128;64;32;16;8;4;2;1,33554432,1,271;273,280,274;280
22,10,state,275,ɍʌʍɶ,2;2;2;2,2,8,2,1,1,8;4;2;1,128,1,-1;-1,276,275;276
22,10,state,276,ɍʌʍɡ,2;2;2;2,8,2,2,1,0,8;4;2;1,128,1,275;-1,279,276;279
22,10,state,277,ȍɌɍȶ,2;2;2;2,2,8,2,1,1,8;4;2;1,128,1,-1;-1,278,277;278
22,10,state,278,ȍɍȶɠɡɋ,2;2;2;2;2;2,8,8,2,1,1,32;16;8;4;2;1,512,1,277;-1,279,278;279
22,10,state,279,ʌʍȍȶɠɋ,2;2;2;2;2;2,4,16,4,1,0,32;16;8;4;2;1,512,1,276;278,280,279;280
22,10,state,280,ɳɴɈƢƏƣɂɘəȖȀɅƾƒǔɆɇƦƥʌʍɠ,2;2;2;2;2;2;2;2;2;2;2;2;2;2;2;2;2;2;2;2;2;2,524288,8,8,1,1,2097152;1048576;524288;262144;131072;65536;32768;16384;8192;4096;2048;1024;512;256;128;64;32;16;8;4;2;1,33554432,1,274;279,281,280;281
22,10,state,281,ɳɴɈƢƏƣɂɘəȖȀɅƾǔɆɇƦƥʌʍɠƧ,2;2;2;2;2;2;2;2;2;2;2;2;2;2;2;2;2;2;2;2;2;2,2097152,2,2,1,1,2097152;1048576;524288;262144;131072;65536;32768;16384;8192;4096;2048;1024;512;256;128;64;32;16;8;4;2;1,33554432,1,280;-1,282,281;282
22,10,state,282,ɳɴɈƢƏƣɂɘəȖȀɅƾǔɆɇƥʌʍɠƼƽ,2;2;2;2;2;2;2;2;2;2;2;2;2;2;2;2;2;2;2;2;2;2,1048576,4,4,1,0,2097152;1048576;524288;262144;131072;65536;32768;16384;8192;4096;2048;1024;512;256;128;64;32;16;8;4;2;1,33554432,1,281;-1,283,282;283
22,10,state,283,ɳɴɈƢƏƣɂɘəȖȀɅƾɆɇƥʌʍɠƼƽǩ,2;2;2;2;2;2;2;2;2;2;2;2;2;2;2;2;2;2;2;2;2;2,2097152,2,2,1,1,2097152;1048576;524288;262144;131072;65536;32768;16384;8192;4096;2048;1024;512;256;128;64;32;16;8;4;2;1,33554432,1,282;-1,285,283;285
22,10,state,284,ɠʊʋɴ,2;2;2;2,2,8,2,1,1,8;4;2;1,128,1,-1;-1,285,284;285
22,10,state,285,ɳɈƢƏƣɂɘəȖȀɅƾɆɇƥʌʍƼƽǩʊʋ,2;2;2;2;2;2;2;2;2;2;2;2;2;2;2;2;2;2;2;2;2;2,1048576,4,4,1,1,2097152;1048576;524288;262144;131072;65536;32768;16384;8192;4096;2048;1024;512;256;128;64;32;16;8;4;2;1,33554432,1,283;284,286,285;286
22,10,state,286,ɳɈƢƏƣɂɘəȖȀɅƾɆɇƥʍƼƽǩʊʠʡ,2;2;2;2;2;2;2;2;2;2;2;2;2;2;2;2;2;2;2;2;2;2,1048576,4,4,1,0,2097152;1048576;524288;262144;131072;65536;32768;16384;8192;4096;2048;1024;512;256;128;64;32;16;8;4;2;1,33554432,1,285;-1,290,286;290
22,10,state,287,ǑƻƼǥ,2;2;2;2,8,2,2,1,1,8;4;2;1,128,1,-1;-1,289,287;289
22,10,state,288,Əƺƻƥ,2;2;2;2,2,8,2,1,1,8;4;2;1,128,1,-1;-1,289,288;289
22,10,state,289,ǑƼǥƏƺƥ,2;2;2;2;2;2,8,8,2,1,1,32;16;8;4;2;1,512,1,287;288,290,289;290
22,10,state,290,ɳɈƢƣɂɘəȖȀɅƾɆɇʍƽǩʊʠʡǑǥƺ,2;2;2;2;2;2;2;2;2;2;2;2;2;2;2;2;2;2;2;2;2;2,524288,8,8,1,1,2097152;1048576;524288;262144;131072;65536;32768;16384;8192;4096;2048;1024;512;256;128;64;32;16;8;4;2;1,33554432,1,286;289,291,290;291
22,10,state,291,ɳɈƢƣɂɘəȖȀɅɆɇʍǩʊʠʡǑǥƺǒǓ,2;2;2;2;2;2;2;2;2;2;2;2;2;2;2;2;2;2;2;2;2;2,1048576,4,4,1,1,2097152;1048576;524288;262144;131072;65536;32768;16384;8192;4096;2048;1024;512;256;128;64;32;16;8;4;2;1,33554432,1,290;-1,294,291;294
22,10,state,292,ǑǼǽǧ,2;2;2;2,2,8,2,1,1,8;4;2;1,128,1,-1;-1,293,292;293
22,10,state,293,ǑǼǽǒ,2;2;2;2,8,2,2,1,0,8;4;2;1,128,1,292;-1,294,293;294
22,10,state,294,ɳɈƢƣɂɘəȖȀɅɆɇʍǩʊʠʡǥƺǓǼǽ,2;2;2;2;2;2;2;2;2;2;2;2;2;2;2;2;2;2;2;2;2;2,1048576,4,4,1,1,2097152;1048576;524288;262144;131072;65536;32768;16384;8192;4096;2048;1024;512;256;128;64;32;16;8;4;2;1,33554432,1,291;293,295,294;295
22,10,state,295,ɳɈɂɘəȖȀɅɆɇʍǩʊʠʡǥƺǓǼǽƸƹ,2;2;2;2;2;2;2;2;2;2;2;2;2;2;2;2;2;2;2;2;2;2,1048576,4,4,1,1,2097152;1048576;524288;262144;131072;65536;32768;16384;8192;4096;2048;1024;512;256;128;64;32;16;8;4;2;1,33554432,1,294;-1,296,295;296
22,10,state,296,ɳɈɂɘəȖȀɅɆɇʍǩʊʠʡǥƺǼǽƸƹǨ,2;2;2;2;2;2;2;2;2;2;2;2;2;2;2;2;2;2;2;2;2;2,2097152,2,2,1,1,2097152;1048576;524288;262144;131072;65536;32768;16384;8192;4096;2048;1024;512;256;128;64;32;16;8;4;2;1,33554432,1,295;-1,300,296;300
22,10,state,297,ɚʄʅɮ,2;2;2;2,2,8,2,1,1,8;4;2;1,128,1,-1;-1,298,297;298
22,10,state,298,ɚʄʅə,2;2;2;2,8,2,2,1,0,8;4;2;1,128,1,297;-1,299,298;299
22,10,state,299,ʄʅəɛɅɆ,2;2;2;2;2;2,8,8,2,1,1,32;16;8;4;2;1,512,1,298;-1,300,299;300
22,10,state,300,ɳɈɂɘȖȀɇʍǩʊʠʡǥƺǼǽƸƹǨʄʅɛ,2;2;2;2;2;2;2;2;2;2;2;2;2;2;2;2;2;2;2;2;2;2,524288,8,8,1,1,2097152;1048576;524288;262144;131072;65536;32768;16384;8192;4096;2048;1024;512;256;128;64;32;16;8;4;2;1,33554432,1,296;299,301,300;301
22,10,state,301,ɳɈɂȖȀɇʍǩʊʠʡǥƺǼǽƸƹǨʄʅɛɭ,2;2;2;2;2;2;2;2;2;2;2;2;2;2;2;2;2;2;2;2;2;2,2097152,2,2,1,1,2097152;1048576;524288;262144;131072;65536;32768;16384;8192;4096;2048;1024;512;256;128;64;32;16;8;4;2;1,33554432,1,300;-1,302,301;302
22,10,state,302,ɳɈɂȖȀɇʍʊʠʡǥƺǼǽƸƹʄʅɛɭǾǿ,2;2;2;2;2;2;2;2;2;2;2;2;2;2;2;2;2;2;2;2;2;2,1048576,4,4,1,1,2097152;1048576;524288;262144;131072;65536;32768;16384;8192;4096;2048;1024;512;256;128;64;32;16;8;4;2;1,33554432,1,301;-1,303,302;303
22,10,state,303,ɳɈɂȖɇʍʊʠʡǥƺǼǽƸƹʄʅɛɭǾȔȕ,2;2;2;2;2;2;2;2;2;2;2;2;2;2;2;2;2;2;2;2;2;2,1048576,4,4,1,0,2097152;1048576;524288;262144;131072;65536;32768;16384;8192;4096;2048;1024;512;256;128;64;32;16;8;4;2;1,33554432,1,302;-1,304,303;304
22,10,state,304,ɳɈɂɇʍʊʠʡǥƺǼǽƸƹʄʅɛɭǾȔȕȫ,2;2;2;2;2;2;2;2;2;2;2;2;2;2;2;2;2;2;2;2;2;2,2097152,2,2,1,1,2097152;1048576;524288;262144;131072;65536;32768;16384;8192;4096;2048;1024;512;256;128;64;32;16;8;4;2;1,33554432,1,303;-1,305,304;305
22,10,state,305,ɳɈɂɇʍʊʠʡǥƺǼǽƸƹʄʅɛɭǾȔȫȪ,2;2;2;2;2;2;2;2;2;2;2;2;2;2;2;2;2;2;2;2;2;2,2097152,2,2,1,1,2097152;1048576;524288;262144;131072;65536;32768;16384;8192;4096;2048;1024;512;256;128;64;32;16;8;4;2;1,33554432,1,304;-1,309,305;309
22,10,state,306,ɖɁɂɬ,2;2;2;2,8,2,2,1,1,8;4;2;1,128,1,-1;-1,307,306;307
22,10,state,307,ɖɂɬɀȪȫ,2;2;2;2;2;2,8,8,2,1,1,32;16;8;4;2;1,512,1,306;-1,308,307;308
22,10,state,308,ɖɂɀȪȫʂʃɭ,2;2;2;2;2;2;2;2,32,8,2,1,1,128;64;32;16;8;4;2;1,2048,1,307;-1,309,308;309
22,10,state,309,ɳɈɇʍʊʠʡǥƺǼǽƸƹʄʅɛǾȔɖɀʂʃ,2;2;2;2;2;2;2;2;2;2;2;2;2;2;2;2;2;2;2;2;2;2,262144,16,16,1,0,2097152;1048576;524288;262144;131072;65536;32768;16384;8192;4096;2048;1024;512;256;128;64;32;16;8;4;2;1,33554432,1,305;308,311,309;311
22,10,state,310,ȒǽǾȨ,2;2;2;2,8,2,2,1,1,8;4;2;1,128,1,-1;-1,311,310;311
22,10,state,311,ɳɈɇʍʊʠʡǥƺǼƸƹʄʅɛȔɖɀʂʃȒȨ,2;2;2;2;2;2;2;2;2;2;2;2;2;2;2;2;2;2;2;2;2;2,1048576,4,4,1,1,2097152;1048576;524288;262144;131072;65536;32768;16384;8192;4096;2048;1024;512;256;128;64;32;16;8;4;2;1,33554432,1,309;310,312,311;312
22,10,state,312,ɳɈɇʍʊʠʡǥƺǼƸƹʄʅɛɖɀʂʃȒȨȩ,2;2;2;2;2;2;2;2;2;2;2;2;2;2;2;2;2;2;2;2;2;2,2097152,2,2,1,1,2097152;1048576;524288;262144;131072;65536;32768;16384;8192;4096;2048;1024;512;256;128;64;32;16;8;4;2;1,33554432,1,311;-1,313,312;313
22,10,state,313,ɳɈɇʍʊʠʡǥƺǼƸƹʄʅɛɖɀʂʃȒȾȿ,2;2;2;2;2;2;2;2;2;2;2;2;2;2;2;2;2;2;2;2;2;2,1048576,4,4,1,0,2097152;1048576;524288;262144;131072;65536;32768;16384;8192;4096;2048;1024;512;256;128;64;32;16;8;4;2;1,33554432,1,312;-1,314,313;314
22,10,state,314,ɳɈɇʍʊʠʡǥƺǼƸƹʄʅɛɖʂʃȒȾɔɕ,2;2;2;2;2;2;2;2;2;2;2;2;2;2;2;2;2;2;2;2;2;2,1048576,4,4,1,0,2097152;1048576;524288;262144;131072;65536;32768;16384;8192;4096;2048;1024;512;256;128;64;32;16;8;4;2;1,33554432,1,313;-1,315,314;315
22,10,state,315,ɳɈɇʍʊʠʡǥƺǼƹʄʅɛɖʂʃȒȾɔɕǢ,2;2;2;2;2;2;2;2;2;2;2;2;2;2;2;2;2;2;2;2;2;2,2097152,2,2,1,1,2097152;1048576;524288;262144;131072;65536;32768;16384;8192;4096;2048;1024;512;256;128;64;32;16;8;4;2;1,33554432,1,314;-1,316,315;316
22,10,state,316,ɳɈɇʍʊʠʡǥǼʄʅɛɖʂʃȒȾɔɕǢǎǏ,2;2;2;2;2;2;2;2;2;2;2;2;2;2;2;2;2;2;2;2;2;2,1048576,4,4,1,1,2097152;1048576;524288;262144;131072;65536;32768;16384;8192;4096;2048;1024;512;256;128;64;32;16;8;4;2;1,33554432,1,315;-1,319,316;319
22,10,state,317,ǏǺǻǥ,2;2;2;2,2,8,2,1,1,8;4;2;1,128,1,-1;-1,318,317;318
22,10,state,318,ǏǺǥȐȑǼ,2;2;2;2;2;2,8,8,2,1,1,32;16;8;4;2;1,512,1,317;-1,319,318;319
22,10,state,319,ɳɈɇʍʊʠʡʄʅɛɖʂʃȒȾɔɕǢǎǺȐȑ,2;2;2;2;2;2;2;2;2;2;2;2;2;2;2;2;2;2;2;2;2;2,524288,8,8,1,0,2097152;1048576;524288;262144;131072;65536;32768;16384;8192;4096;2048;1024;512;256;128;64;32;16;8;4;2;1,33554432,1,316;318,320,319;320
22,10,state,320,ɳɈɇʍʊʠʡʄʅɛɖʂʃȒȾɔɕǢǺȐȑǣ,2;2;2;2;2;2;2;2;2;2;2;2;2;2;2;2;2;2;2;2;2;2,2097152,2,2,1,1,2097152;1048576;524288;262144;131072;65536;32768;16384;8192;4096;2048;1024;512;256;128;64;32;16;8;4;2;1,33554432,1,319;-1,321,320;321
22,10,state,321,ɳɈɇʍʊʠʡʄʅɛɖʂʃȒȾɔɕǺȐȑǸǹ,2;2;2;2;2;2;2;2;2;2;2;2;2;2;2;2;2;2;2;2;2;2,1048576,4,4,1,0,2097152;1048576;524288;262144;131072;65536;32768;16384;8192;4096;2048;1024;512;256;128;64;32;16;8;4;2;1,33554432,1,320;-1,323,321;323
22,10,state,322,ȏǹǺȣ,2;2;2;2,8,2,2,1,1,8;4;2;1,128,1,-1;-1,323,322;323
22,10,state,323,ɳɈɇʍʊʠʡʄʅɛɖʂʃȒȾɔɕȐȑǸȏȣ,2;2;2;2;2;2;2;2;2;2;2;2;2;2;2;2;2;2;2;2;2;2,1048576,4,4,1,0,2097152;1048576;524288;262144;131072;65536;32768;16384;8192;4096;2048;1024;512;256;128;64;32;16;8;4;2;1,33554432,1,321;322,326,323;326
22,10,state,324,ȐȺȻȤ,2;2;2;2,2,8,2,1,1,8;4;2;1,128,1,-1;-1,325,324;325
22,10,state,325,ȐȺȻȏ,2;2;2;2,8,2,2,1,0,8;4;2;1,128,1,324;-1,326,325;326
22,10,state,326,ɳɈɇʍʊʠʡʄʅɛɖʂʃȒȾɔɕȑǸȣȺȻ,2;2;2;2;2;2;2;2;2;2;2;2;2;2;2;2;2;2;2;2;2;2,1048576,4,4,1,1,2097152;1048576;524288;262144;131072;65536;32768;16384;8192;4096;2048;1024;512;256;128;64;32;16;8;4;2;1,33554432,1,323;325,327,326;327
22,10,state,327,ɳɈɇʍʊʠʡʄʅɛɖʂʃȒȾɔȑǸȣȺȻɪ,2;2;2;2;2;2;2;2;2;2;2;2;2;2;2;2;2;2;2;2;2;2,2097152,2,2,1,1,2097152;1048576;524288;262144;131072;65536;32768;16384;8192;4096;2048;1024;512;256;128;64;32;16;8;4;2;1,33554432,1,326;-1,328,327;328
22,10,state,328,ɳɈɇʍʊʠʡʄʅɛɖʂʃȒȾȑǸȣȺȻɪɩ,2;2;2;2;2;2;2;2;2;2;2;2;2;2;2;2;2;2;2;2;2;2,2097152,2,2,1,1,2097152;1048576;524288;262144;131072;65536;32768;16384;8192;4096;2048;1024;512;256;128;64;32;16;8;4;2;1,33554432,1,327;-1,333,328;333
22,10,state,329,ȒȼȽȦ,2;2;2;2,2,8,2,1,1,8;4;2;1,128,1,-1;-1,330,329;330
22,10,state,330,ȒȼȽȑ,2;2;2;2,8,2,2,1,0,8;4;2;1,128,1,329;-1,332,330;332
22,10,state,331,ɒȽȾɨ,2;2;2;2,8,2,2,1,1,8;4;2;1,128,1,-1;-1,332,331;332
22,10,state,332,ȒȼȑɒȾɨ,2;2;2;2;2;2,8,8,2,1,1,32;16;8;4;2;1,512,1,330;331,333,332;333
22,10,state,333,ɳɈɇʍʊʠʡʄʅɛɖʂʃǸȣȺȻɪɩȼɒɨ,2;2;2;2;2;2;2;2;2;2;2;2;2;2;2;2;2;2;2;2;2;2,524288,8,8,1,1,2097152;1048576;524288;262144;131072;65536;32768;16384;8192;4096;2048;1024;512;256;128;64;32;16;8;4;2;1,33554432,1,328;332,335,333;335
22,10,state,334,ɐȻȼɦ,2;2;2;2,8,2,2,1,1,8;4;2;1,128,1,-1;-1,335,334;335
22,10,state,335,ɳɈɇʍʊʠʡʄʅɛɖʂʃǸȣȺɪɩɒɨɐɦ,2;2;2;2;2;2;2;2;2;2;2;2;2;2;2;2;2;2;2;2;2;2,1048576,4,4,1,1,2097152;1048576;524288;262144;131072;65536;32768;16384;8192;4096;2048;1024;512;256;128;64;32;16;8;4;2;1,33554432,1,333;334,337,335;337
22,10,state,336,ɒɼɽɦ,2;2;2;2,2,8,2,1,1,8;4;2;1,128,1,-1;-1,337,336;337
22,10,state,337,ɳɈɇʍʊʠʡʄʅɛɖʂʃǸȣȺɪɩɨɐɼɽ,2;2;2;2;2;2;2;2;2;2;2;2;2;2;2;2;2;2;2;2;2;2,1048576,4,4,1,0,2097152;1048576;524288;262144;131072;65536;32768;16384;8192;4096;2048;1024;512;256;128;64;32;16;8;4;2;1,33554432,1,335;336,338,337;338
22,10,state,338,ɳɈɇʍʊʠʡʄʅɛɖʂʃȣȺɪɩɨɐɼɽȢ,2;2;2;2;2;2;2;2;2;2;2;2;2;2;2;2;2;2;2;2;2;2,2097152,2,2,1,1,2097152;1048576;524288;262144;131072;65536;32768;16384;8192;4096;2048;1024;512;256;128;64;32;16;8;4;2;1,33554432,1,337;-1,344,338;344
22,10,state,339,ʕɿʀʩ,2;2;2;2,8,2,2,1,1,8;4;2;1,128,1,-1;-1,340,339;340
22,10,state,340,ɿʀʩʪ,2;2;2;2,8,2,2,1,1,8;4;2;1,128,1,339;-1,342,340;342
22,10,state,341,ɖʀʁɪ,2;2;2;2,2,8,2,1,1,8;4;2;1,128,1,-1;-1,342,341;342
22,10,state,342,ɿʩʪɖʁɪ,2;2;2;2;2;2,8,8,2,1,1,32;16;8;4;2;1,512,1,340;341,343,342;343
22,10,state,343,ʩʪɖʁɪɾɨɩ,2;2;2;2;2;2;2;2,32,8,2,1,1,128;64;32;16;8;4;2;1,2048,1,342;-1,344,343;344
22,10,state,344,ɳɈɇʍʊʠʡʄʅɛʂʃȣȺɐɼɽȢʩʪʁɾ,2;2;2;2;2;2;2;2;2;2;2;2;2;2;2;2;2;2;2;2;2;2,262144,16,16,1,1,2097152;1048576;524288;262144;131072;65536;32768;16384;8192;4096;2048;1024;512;256;128;64;32;16;8;4;2;1,33554432,1,338;343,346,344;346
22,10,state,345,ʗʁʂʫ,2;2;2;2,8,2,2,1,1,8;4;2;1,128,1,-1;-1,346,345;346
22,10,state,346,ɳɈɇʍʊʠʡʄʅɛʃȣȺɐɼɽȢʩʪɾʗʫ,2;2;2;2;2;2;2;2;2;2;2;2;2;2;2;2;2;2;2;2;2;2,1048576,4,4,1,1,2097152;1048576;524288;262144;131072;65536;32768;16384;8192;4096;2048;1024;512;256;128;64;32;16;8;4;2;1,33554432,1,344;345,347,346;347
22,10,state,347,ɳɈɇʍʊʠʡʅɛȣȺɐɼɽȢʩʪɾʗʫʘʙ,2;2;2;2;2;2;2;2;2;2;2;2;2;2;2;2;2;2;2;2;2;2,1048576,4,4,1,1,2097152;1048576;524288;262144;131072;65536;32768;16384;8192;4096;2048;1024;512;256;128;64;32;16;8;4;2;1,33554432,1,346;-1,348,347;348
22,10,state,348,ɳɈɇʍʊʠʡʅɛȣȺɐɼɽȢʩʪɾʫʘʙʬ,2;2;2;2;2;2;2;2;2;2;2;2;2;2;2;2;2;2;2;2;2;2,2097152,2,2,1,1,2097152;1048576;524288;262144;131072;65536;32768;16384;8192;4096;2048;1024;512;256;128;64;32;16;8;4;2;1,33554432,1,347;-1,349,348;349
22,10,state,349,ɳɈɇʍʊʠʡʅɛȣȺɐɼȢʩʪʫʘʙʬʒʓ,2;2;2;2;2;2;2;2;2;2;2;2;2;2;2;2;2;2;2;2;2;2,1048576,4,4,1,1,2097152;1048576;524288;262144;131072;65536;32768;16384;8192;4096;2048;1024;512;256;128;64;32;16;8;4;2;1,33554432,1,348;-1,350,349;350
22,10,state,350,ɳɈɇʍʊʠʡʅɛȣȺɐɼȢʩʪʫʘʙʬʓʧ,2;2;2;2;2;2;2;2;2;2;2;2;2;2;2;2;2;2;2;2;2;2,2097152,2,2,1,1,2097152;1048576;524288;262144;131072;65536;32768;16384;8192;4096;2048;1024;512;256;128;64;32;16;8;4;2;1,33554432,1,349;-1,351,350;351
22,10,state,351,ɳɈɇʍʊʠʡʅɛȺɐɼʩʪʫʘʙʬʓʧȸȹ,2;2;2;2;2;2;2;2;2;2;2;2;2;2;2;2;2;2;2;2;2;2,1048576,4,4,1,1,2097152;1048576;524288;262144;131072;65536;32768;16384;8192;4096;2048;1024;512;256;128;64;32;16;8;4;2;1,33554432,1,350;-1,352,351;352
22,10,state,352,ɳɈɇʍʊʠʡʅɛȺɐɼʩʪʫʘʙʬʓʧȹɢ,2;2;2;2;2;2;2;2;2;2;2;2;2;2;2;2;2;2;2;2;2;2,2097152,2,2,1,1,2097152;1048576;524288;262144;131072;65536;32768;16384;8192;4096;2048;1024;512;256;128;64;32;16;8;4;2;1,33554432,1,351;-1,362,352;362
22,10,state,353,ɐɺɻɤ,2;2;2;2,2,8,2,1,1,8;4;2;1,128,1,-1;-1,354,353;354
22,10,state,354,ɐɺɻɏ,2;2;2;2,8,2,2,1,0,8;4;2;1,128,1,353;-1,356,354;356
22,10,state,355,ɏȹȺɣ,2;2;2;2,8,2,2,1,1,8;4;2;1,128,1,-1;-1,356,355;356
22,10,state,356,ɐɺɻȹȺɣ,2;2;2;2;2;2,8,8,2,1,0,32;16;8;4;2;1,512,1,354;355,357,356;357
22,10,state,357,ɐɺɻȹȺɸɹɢ,2;2;2;2;2;2;2;2,32,8,2,1,0,128;64;32;16;8;4;2;1,2048,1,356;-1,360,357;360
22,10,state,358,ʐɻɼʦ,2;2;2;2,8,2,2,1,1,8;4;2;1,128,1,-1;-1,359,358;359
22,10,state,359,ɻɼʦʥ,2;2;2;2,8,2,2,1,1,8;4;2;1,128,1,358;-1,360,359;360
22,10,state,360,ɐɺȹȺɸɹɢɼʦʥ,2;2;2;2;2;2;2;2;2;2,128,8,2,1,1,512;256;128;64;32;16;8;4;2;1,8192,1,357;359,361,360;361
22,10,state,361,ɐɺȹȺɹɢɼʦʥʢ,2;2;2;2;2;2;2;2;2;2,512,2,2,1,1,512;256;128;64;32;16;8;4;2;1,8192,1,360;-1,362,361;362
22,10,state,362,ɳɈɇʍʊʠʡʅɛʩʪʫʘʙʬʓʧɺɹʦʥʢ,2;2;2;2;2;2;2;2;2;2;2;2;2;2;2;2;2;2;2;2;2;2,131072,32,32,1,0,2097152;1048576;524288;262144;131072;65536;32768;16384;8192;4096;2048;1024;512;256;128;64;32;16;8;4;2;1,33554432,1,352;361,363,362;363
22,10,state,363,ɳɈɇʍʊʠʡʅɛʩʪʫʘʙʬʓɺɹʥʢʼʽ,2;2;2;2;2;2;2;2;2;2;2;2;2;2;2;2;2;2;2;2;2;2,1048576,4,4,1,1,2097152;1048576;524288;262144;131072;65536;32768;16384;8192;4096;2048;1024;512;256;128;64;32;16;8;4;2;1,33554432,1,362;-1,365,363;365
22,10,state,364,ʘ˂˃ʬ,2;2;2;2,2,8,2,1,1,8;4;2;1,128,1,-1;-1,365,364;365
22,10,state,365,ɳɈɇʍʊʠʡʅɛʩʪʫʙʓɺɹʥʢʼʽ˂˃,2;2;2;2;2;2;2;2;2;2;2;2;2;2;2;2;2;2;2;2;2;2,1048576,4,4,1,1,2097152;1048576;524288;262144;131072;65536;32768;16384;8192;4096;2048;1024;512;256;128;64;32;16;8;4;2;1,33554432,1,363;364,366,365;366
22,10,state,366,ɳɈɇʍʊʠʡʅɛʩʙʓɺɹʥʢʼʽ˂˃ˀˁ,2;2;2;2;2;2;2;2;2;2;2;2;2;2;2;2;2;2;2;2;2;2,1048576,4,4,1,1,2097152;1048576;524288;262144;131072;65536;32768;16384;8192;4096;2048;1024;512;256;128;64;32;16;8;4;2;1,33554432,1,365;-1,371,366;371
22,10,state,367,˓ʽʾ˧,2;2;2;2,8,2,2,1,1,8;4;2;1,128,1,-1;-1,368,367;368
22,10,state,368,˓ʽ˧ʿʨʩ,2;2;2;2;2;2,8,8,2,1,1,32;16;8;4;2;1,512,1,367;-1,369,368;369
22,10,state,369,˓ʽ˧ʿʩʓ,2;2;2;2;2;2,32,2,2,1,1,32;16;8;4;2;1,512,1,368;-1,370,369;370
22,10,state,370,˓ʽ˧ʩʓ˔˕ˀ,2;2;2;2;2;2;2;2,32,8,2,1,1,128;64;32;16;8;4;2;1,2048,1,369;-1,371,370;371
22,10,state,371,ɳɈɇʍʊʠʡʅɛʙɺɹʥʢʼ˂˃ˁ˓˧˔˕,2;2;2;2;2;2;2;2;2;2;2;2;2;2;2;2;2;2;2;2;2;2,262144,16,16,1,1,2097152;1048576;524288;262144;131072;65536;32768;16384;8192;4096;2048;1024;512;256;128;64;32;16;8;4;2;1,33554432,1,366;370,376,371;376
22,10,state,372,˖̀́˪,2;2;2;2,2,8,2,1,1,8;4;2;1,128,1,-1;-1,373,372;373
22,10,state,373,˖̀́˕,2;2;2;2,8,2,2,1,0,8;4;2;1,128,1,372;-1,375,373;375
22,10,state,374,˖ˁ˂ˬ,2;2;2;2,8,2,2,1,1,8;4;2;1,128,1,-1;-1,375,374;375
22,10,state,375,̀́˕ˁ˂ˬ,2;2;2;2;2;2,8,8,2,1,1,32;16;8;4;2;1,512,1,373;374,376,375;376
22,10,state,376,ɳɈɇʍʊʠʡʅɛʙɺɹʥʢʼ˃˓˧˔̀́ˬ,2;2;2;2;2;2;2;2;2;2;2;2;2;2;2;2;2;2;2;2;2;2,524288,8,8,1,0,2097152;1048576;524288;262144;131072;65536;32768;16384;8192;4096;2048;1024;512;256;128;64;32;16;8;4;2;1,33554432,1,371;375,377,376;377
22,10,state,377,ɳɈɇʍʊʠʡʅɛʙʥʢʼ˃˓˧˔̀́ˬʎʏ,2;2;2;2;2;2;2;2;2;2;2;2;2;2;2;2;2;2;2;2;2;2,1048576,4,4,1,1,2097152;1048576;524288;262144;131072;65536;32768;16384;8192;4096;2048;1024;512;256;128;64;32;16;8;4;2;1,33554432,1,376;-1,379,377;379
22,10,state,378,ʏʺʻʥ,2;2;2;2,2,8,2,1,1,8;4;2;1,128,1,-1;-1,379,378;379
22,10,state,379,ɳɈɇʍʊʠʡʅɛʙʢʼ˃˓˧˔̀́ˬʎʺʻ,2;2;2;2;2;2;2;2;2;2;2;2;2;2;2;2;2;2;2;2;2;2,1048576,4,4,1,0,2097152;1048576;524288;262144;131072;65536;32768;16384;8192;4096;2048;1024;512;256;128;64;32;16;8;4;2;1,33554432,1,377;378,381,379;381
22,10,state,380,ːʻʼ˦,2;2;2;2,8,2,2,1,1,8;4;2;1,128,1,-1;-1,381,380;381
22,10,state,381,ɳɈɇʍʊʠʡʅɛʙʢ˃˓˧˔̀́ˬʎʺː˦,2;2;2;2;2;2;2;2;2;2;2;2;2;2;2;2;2;2;2;2;2;2,1048576,4,4,1,0,2097152;1048576;524288;262144;131072;65536;32768;16384;8192;4096;2048;1024;512;256;128;64;32;16;8;4;2;1,33554432,1,379;380,383,381;383
22,10,state,382,ɜɇɈɲ,2;2;2;2,8,2,2,1,1,8;4;2;1,128,1,-1;-1,383,382;383
22,10,state,383,ɳʍʊʠʡʅɛʙʢ˃˓˧˔̀́ˬʎʺː˦ɜɲ,2;2;2;2;2;2;2;2;2;2;2;2;2;2;2;2;2;2;2;2;2;2,1048576,4,4,1,1,2097152;1048576;524288;262144;131072;65536;32768;16384;8192;4096;2048;1024;512;256;128;64;32;16;8;4;2;1,33554432,1,381;382,386,383;386
22,10,state,384,ɜʆʇɰ,2;2;2;2,2,8,2,1,1,8;4;2;1,128,1,-1;-1,385,384;385
22,10,state,385,ɜʆʇɛ,2;2;2;2,8,2,2,1,0,8;4;2;1,128,1,384;-1,386,385;386
22,10,state,386,ɳʍʊʠʡʅʙʢ˃˓˧˔̀́ˬʎʺː˦ɲʆʇ,2;2;2;2;2;2;2;2;2;2;2;2;2;2;2;2;2;2;2;2;2;2,1048576,4,4,1,1,2097152;1048576;524288;262144;131072;65536;32768;16384;8192;4096;2048;1024;512;256;128;64;32;16;8;4;2;1,33554432,1,383;385,389,386;389
22,10,state,387,ʚʅʆʰ,2;2;2;2,8,2,2,1,1,8;4;2;1,128,1,-1;-1,388,387;388
22,10,state,388,ʅʆʰʯ,2;2;2;2,8,2,2,1,1,8;4;2;1,128,1,387;-1,389,388;389
22,10,state,389,ɳʍʊʠʡʙʢ˃˓˧˔̀́ˬʎʺː˦ɲʇʰʯ,2;2;2;2;2;2;2;2;2;2;2;2;2;2;2;2;2;2;2;2;2;2,1048576,4,4,1,1,2097152;1048576;524288;262144;131072;65536;32768;16384;8192;4096;2048;1024;512;256;128;64;32;16;8;4;2;1,33554432,1,386;388,394,389;394
22,10,state,390,˘˃˄ˮ,2;2;2;2,8,2,2,1,1,8;4;2;1,128,1,-1;-1,391,390;391
22,10,state,391,˃˄ˮ˭,2;2;2;2,8,2,2,1,1,8;4;2;1,128,1,390;-1,393,391;393
22,10,state,392,ʙ˄˅ʯ,2;2;2;2,2,8,2,1,1,8;4;2;1,128,1,-1;-1,393,392;393
22,10,state,393,˃ˮ˭ʙ˅ʯ,2;2;2;2;2;2,8,8,2,1,1,32;16;8;4;2;1,512,1,391;392,394,393;394
22,10,state,394,ɳʍʊʠʡʢ˓˧˔̀́ˬʎʺː˦ɲʇʰˮ˭˅,2;2;2;2;2;2;2;2;2;2;2;2;2;2;2;2;2;2;2;2;2;2,524288,8,8,1,0,2097152;1048576;524288;262144;131072;65536;32768;16384;8192;4096;2048;1024;512;256;128;64;32;16;8;4;2;1,33554432,1,389;393,397,394;397
22,10,state,395,ʝʇʈʱ,2;2;2;2,8,2,2,1,1,8;4;2;1,128,1,-1;-1,396,395;396
22,10,state,396,ʝʇʱʉɲɳ,2;2;2;2;2;2,8,8,2,1,1,32;16;8;4;2;1,512,1,395;-1,397,396;397
22,10,state,397,ʍʊʠʡʢ˓˧˔̀́ˬʎʺː˦ʰˮ˭˅ʝʱʉ,2;2;2;2;2;2;2;2;2;2;2;2;2;2;2;2;2;2;2;2;2;2,524288,8,8,1,1,2097152;1048576;524288;262144;131072;65536;32768;16384;8192;4096;2048;1024;512;256;128;64;32;16;8;4;2;1,33554432,1,394;396,401,397;401
22,10,state,398,˚˅ˆ˰,2;2;2;2,8,2,2,1,1,8;4;2;1,128,1,-1;-1,399,398;399
22,10,state,399,˅ˆ˰˯,2;2;2;2,8,2,2,1,1,8;4;2;1,128,1,398;-1,400,399;400
22,10,state,400,˅˰˯ˇʰʱ,2;2;2;2;2;2,8,8,2,1,1,32;16;8;4;2;1,512,1,399;-1,401,400;401
22,10,state,401,ʍʊʠʡʢ˓˧˔̀́ˬʎʺː˦ˮ˭ʝʉ˰˯ˇ,2;2;2;2;2;2;2;2;2;2;2;2;2;2;2;2;2;2;2;2;2;2,524288,8,8,1,1,2097152;1048576;524288;262144;131072;65536;32768;16384;8192;4096;2048;1024;512;256;128;64;32;16;8;4;2;1,33554432,1,397;400,411,401;411
22,10,state,402,ʝˈˉʳ,2;2;2;2,2,8,2,1,1,8;4;2;1,128,1,-1;-1,403,402;403
22,10,state,403,ʝˈˉʞ,2;2;2;2,8,2,2,1,0,8;4;2;1,128,1,402;-1,405,403;405
22,10,state,404,˜ˇˈ˲,2;2;2;2,8,2,2,1,1,8;4;2;1,128,1,-1;-1,405,404;405
22,10,state,405,ʝˉʞ˜ˇ˲,2;2;2;2;2;2,8,8,2,1,1,32;16;8;4;2;1,512,1,403;404,409,405;409
22,10,state,406,ʟˊˋʵ,2;2;2;2,2,8,2,1,1,8;4;2;1,128,1,-1;-1,407,406;407
22,10,state,407,ʟˊˋʠ,2;2;2;2,8,2,2,1,0,8;4;2;1,128,1,406;-1,408,407;408
22,10,state,408,ʟˋʠ˞˟ˉ,2;2;2;2;2;2,8,8,2,1,1,32;16;8;4;2;1,512,1,407;-1,409,408;409
22,10,state,409,ʝʞ˜ˇ˲ʟˋʠ˞˟,2;2;2;2;2;2;2;2;2;2,32,32,2,1,1,512;256;128;64;32;16;8;4;2;1,8192,1,405;408,410,409;410
22,10,state,410,ʝ˜ˇ˲ˋʠ˞˟ʉʊ,2;2;2;2;2;2;2;2;2;2,256,4,4,1,1,512;256;128;64;32;16;8;4;2;1,8192,1,409;-1,411,410;411
22,10,state,411,ʍʡʢ˓˧˔̀́ˬʎʺː˦ˮ˭˰˯˜˲ˋ˞˟,2;2;2;2;2;2;2;2;2;2;2;2;2;2;2;2;2;2;2;2;2;2,131072,32,32,1,0,2097152;1048576;524288;262144;131072;65536;32768;16384;8192;4096;2048;1024;512;256;128;64;32;16;8;4;2;1,33554432,1,401;410,412,411;412
22,10,state,412,ʍʡʢ˓˧˔̀́ˬʎʺː˦˭˰˜˲ˋ˞˟̄̅,2;2;2;2;2;2;2;2;2;2;2;2;2;2;2;2;2;2;2;2;2;2,1048576,4,4,1,1,2097152;1048576;524288;262144;131072;65536;32768;16384;8192;4096;2048;1024;512;256;128;64;32;16;8;4;2;1,33554432,1,411;-1,419,412;419
22,10,state,413,ʎʸʹʢ,2;2;2;2,2,8,2,1,1,8;4;2;1,128,1,-1;-1,414,413;414
22,10,state,414,ʎʹʢˢ,2;2;2;2,8,2,2,1,1,8;4;2;1,128,1,413;-1,416,414;416
22,10,state,415,˹ˢˣ̢,2;2;2;2,8,2,2,1,1,8;4;2;1,128,1,-1;-1,416,415;416
22,10,state,416,ʎʹʢ˹ˣ̢,2;2;2;2;2;2,8,8,2,1,0,32;16;8;4;2;1,512,1,414;415,418,416;418
22,10,state,417,ˏʹʺˣ,2;2;2;2,8,2,2,1,1,8;4;2;1,128,1,-1;-1,418,417;418
22,10,state,418,ʎʢ˹̢ˏʺ,2;2;2;2;2;2,16,4,4,1,1,32;16;8;4;2;1,512,1,416;417,419,418;419
22,10,state,419,ʍʡ˓˧˔̀́ˬː˦˭˰˜˲ˋ˞˟̄̅˹̢ˏ,2;2;2;2;2;2;2;2;2;2;2;2;2;2;2;2;2;2;2;2;2;2,524288,8,8,1,1,2097152;1048576;524288;262144;131072;65536;32768;16384;8192;4096;2048;1024;512;256;128;64;32;16;8;4;2;1,33554432,1,412;418,420,419;420
22,10,state,420,ʍʡ˓˧˔̀́ˬː˦˭˰˜˲ˋ˟̄̅˹̢ˏ˳,2;2;2;2;2;2;2;2;2;2;2;2;2;2;2;2;2;2;2;2;2;2,2097152,2,2,1,1,2097152;1048576;524288;262144;131072;65536;32768;16384;8192;4096;2048;1024;512;256;128;64;32;16;8;4;2;1,33554432,1,419;-1,426,420;426
22,10,state,421,̝̱̇̈,2;2;2;2,8,2,2,1,1,8;4;2;1,128,1,-1;-1,422,421;422
22,10,state,422,̱̲̇̈,2;2;2;2,8,2,2,1,1,8;4;2;1,128,1,421;-1,423,422;423
22,10,state,423,̱̲̇̉˲˳,2;2;2;2;2;2,8,8,2,1,1,32;16;8;4;2;1,512,1,422;-1,425,423;425
22,10,state,424,˜̆̇˰,2;2;2;2,2,8,2,1,1,8;4;2;1,128,1,-1;-1,425,424;425
22,10,state,425,̱̲̉˲˳˜̆˰,2;2;2;2;2;2;2;2,32,8,2,1,1,128;64;32;16;8;4;2;1,2048,1,423;424,426,425;426
22,10,state,426,ʍʡ˓˧˔̀́ˬː˦˭ˋ˟̄̅˹̢ˏ̱̲̉̆,2;2;2;2;2;2;2;2;2;2;2;2;2;2;2;2;2;2;2;2;2;2,262144,16,16,1,0,2097152;1048576;524288;262144;131072;65536;32768;16384;8192;4096;2048;1024;512;256;128;64;32;16;8;4;2;1,33554432,1,420;425,429,426;429
22,10,state,427,̛̯̅̆,2;2;2;2,8,2,2,1,1,8;4;2;1,128,1,-1;-1,428,427;428
22,10,state,428,̯̰̅̆,2;2;2;2,8,2,2,1,1,8;4;2;1,128,1,427;-1,429,428;429
22,10,state,429,ʍʡ˓˧˔̀́ˬː˦˭ˋ˟̄˹̢ˏ̱̲̯̰̉,2;2;2;2;2;2;2;2;2;2;2;2;2;2;2;2;2;2;2;2;2;2,1048576,4,4,1,0,2097152;1048576;524288;262144;131072;65536;32768;16384;8192;4096;2048;1024;512;256;128;64;32;16;8;4;2;1,33554432,1,426;428,435,429;435
22,10,state,430,ˌʶʷ˷,2;2;2;2,8,2,2,1,1,8;4;2;1,128,1,-1;-1,431,430;431
22,10,state,431,ˌʶ˷ʍ,2;2;2;2,8,2,2,1,1,8;4;2;1,128,1,430;-1,432,431;432
22,10,state,432,ˌ˷ʍʡ,2;2;2;2,8,2,2,1,1,8;4;2;1,128,1,431;-1,434,432;434
22,10,state,433,ˡˋˌ˵,2;2;2;2,8,2,2,1,1,8;4;2;1,128,1,-1;-1,434,433;434
22,10,state,434,˷ʍʡˡˋ˵,2;2;2;2;2;2,8,8,2,1,1,32;16;8;4;2;1,512,1,432;433,435,434;435
22,10,state,435,˓˧˔̀́ˬː˦˭˟̄˹̢ˏ̱̲̯̰̉˷ˡ˵,2;2;2;2;2;2;2;2;2;2;2;2;2;2;2;2;2;2;2;2;2;2,524288,8,8,1,1,2097152;1048576;524288;262144;131072;65536;32768;16384;8192;4096;2048;1024;512;256;128;64;32;16;8;4;2;1,33554432,1,429;434,437,435;437
22,10,state,436,˟̊̋˵,2;2;2;2,2,8,2,1,1,8;4;2;1,128,1,-1;-1,437,436;437
22,10,state,437,˓˧˔̀́ˬː˦˭̄˹̢ˏ̱̲̯̰̉˷ˡ̊̋,2;2;2;2;2;2;2;2;2;2;2;2;2;2;2;2;2;2;2;2;2;2,1048576,4,4,1,0,2097152;1048576;524288;262144;131072;65536;32768;16384;8192;4096;2048;1024;512;256;128;64;32;16;8;4;2;1,33554432,1,435;436,440,437;440
22,10,state,438,̴̞̉̊,2;2;2;2,8,2,2,1,1,8;4;2;1,128,1,-1;-1,439,438;439
22,10,state,439,̴̳̉̊,2;2;2;2,8,2,2,1,1,8;4;2;1,128,1,438;-1,440,439;440
22,10,state,440,˓˧˔̀́ˬː˦˭̄˹̢ˏ̱̲̯̰˷ˡ̴̳̋,2;2;2;2;2;2;2;2;2;2;2;2;2;2;2;2;2;2;2;2;2;2,1048576,4,4,1,1,2097152;1048576;524288;262144;131072;65536;32768;16384;8192;4096;2048;1024;512;256;128;64;32;16;8;4;2;1,33554432,1,437;439,446,440;446
22,10,state,441,̶̠̋̌,2;2;2;2,8,2,2,1,1,8;4;2;1,128,1,-1;-1,442,441;442
22,10,state,442,̶̵̋̌,2;2;2;2,8,2,2,1,1,8;4;2;1,128,1,441;-1,445,442;445
22,10,state,443,ˡ̌̍˷,2;2;2;2,2,8,2,1,1,8;4;2;1,128,1,-1;-1,444,443;444
22,10,state,444,ˡ̌˷̷,2;2;2;2,8,2,2,1,1,8;4;2;1,128,1,443;-1,445,444;445
22,10,state,445,̶̵̋ˡ˷̷,2;2;2;2;2;2,8,8,2,1,1,32;16;8;4;2;1,512,1,442;444,446,445;446
22,10,state,446,˓˧˔̀́ˬː˦˭̄˹̢ˏ̴̶̵̷̱̲̯̰̳,2;2;2;2;2;2;2;2;2;2;2;2;2;2;2;2;2;2;2;2;2;2,524288,8,8,1,1,2097152;1048576;524288;262144;131072;65536;32768;16384;8192;4096;2048;1024;512;256;128;64;32;16;8;4;2;1,33554432,1,440;445,449,446;449
22,10,state,447,˓˾˿˩,2;2;2;2,2,8,2,1,1,8;4;2;1,128,1,-1;-1,448,447;448
22,10,state,448,˓˾˿˔,2;2;2;2,8,2,2,1,0,8;4;2;1,128,1,447;-1,449,448;449
22,10,state,449,˧̀́ˬː˦˭̄˹̢ˏ̴̶̵̷̱̲̯̰̳˾˿,2;2;2;2;2;2;2;2;2;2;2;2;2;2;2;2;2;2;2;2;2;2,1048576,4,4,1,1,2097152;1048576;524288;262144;131072;65536;32768;16384;8192;4096;2048;1024;512;256;128;64;32;16;8;4;2;1,33554432,1,446;448,451,449;451
22,10,state,450,̕˿̩̀,2;2;2;2,8,2,2,1,1,8;4;2;1,128,1,-1;-1,451,450;451
22,10,state,451,˧́ˬː˦˭̄˹̢ˏ̴̶̵̷̱̲̯̰̳˾̩̕,2;2;2;2;2;2;2;2;2;2;2;2;2;2;2;2;2;2;2;2;2;2,1048576,4,4,1,0,2097152;1048576;524288;262144;131072;65536;32768;16384;8192;4096;2048;1024;512;256;128;64;32;16;8;4;2;1,33554432,1,449;450,452,451;452
22,10,state,452,˧́ˬː˦˭̄˹̢ˏ̴̶̵̷̱̲̯̰̳˾̩̪,2;2;2;2;2;2;2;2;2;2;2;2;2;2;2;2;2;2;2;2;2;2,2097152,2,2,1,1,2097152;1048576;524288;262144;131072;65536;32768;16384;8192;4096;2048;1024;512;256;128;64;32;16;8;4;2;1,33554432,1,451;-1,456,452;456
22,10,state,453,̓˽˾̧,2;2;2;2,8,2,2,1,1,8;4;2;1,128,1,-1;-1,454,453;454
22,10,state,454,˽˾̧̨,2;2;2;2,8,2,2,1,1,8;4;2;1,128,1,453;-1,455,454;455
22,10,state,455,˾̧̨˼˦˧,2;2;2;2;2;2,8,8,2,1,1,32;16;8;4;2;1,512,1,454;-1,456,455;456
22,10,state,456,́ˬː˭̄˹̢ˏ̴̶̵̷̧̨̱̲̯̰̳̩̪˼,2;2;2;2;2;2;2;2;2;2;2;2;2;2;2;2;2;2;2;2;2;2,524288,8,8,1,1,2097152;1048576;524288;262144;131072;65536;32768;16384;8192;4096;2048;1024;512;256;128;64;32;16;8;4;2;1,33554432,1,452;455,465,456;465
22,10,state,457,̏˹˺̣,2;2;2;2,8,2,2,1,1,8;4;2;1,128,1,-1;-1,458,457;458
22,10,state,458,˹˺̣̤,2;2;2;2,8,2,2,1,1,8;4;2;1,128,1,457;-1,461,458;461
22,10,state,459,ˏ˺˻˥,2;2;2;2,2,8,2,1,1,8;4;2;1,128,1,-1;-1,460,459;460
22,10,state,460,ˏ˺˻ː,2;2;2;2,8,2,2,1,0,8;4;2;1,128,1,459;-1,461,460;461
22,10,state,461,˹̣̤ˏ˻ː,2;2;2;2;2;2,8,8,2,1,1,32;16;8;4;2;1,512,1,458;460,464,461;464
22,10,state,462,̐˻˼̦,2;2;2;2,8,2,2,1,1,8;4;2;1,128,1,-1;-1,463,462;463
22,10,state,463,˻˼̦̥,2;2;2;2,8,2,2,1,1,8;4;2;1,128,1,462;-1,464,463;464
22,10,state,464,˹̣̤ˏː˼̦̥,2;2;2;2;2;2;2;2,32,8,2,1,1,128;64;32;16;8;4;2;1,2048,1,461;463,465,464;465
22,10,state,465,́ˬ˭̴̶̵̷̢̧̨̱̲̯̰̳̩̪̣̤̦̥̄,2;2;2;2;2;2;2;2;2;2;2;2;2;2;2;2;2;2;2;2;2;2,262144,16,16,1,0,2097152;1048576;524288;262144;131072;65536;32768;16384;8192;4096;2048;1024;512;256;128;64;32;16;8;4;2;1,33554432,1,456;464,472,465;472
22,10,state,466,̘̮̃̄,2;2;2;2,8,2,2,1,1,8;4;2;1,128,1,-1;-1,467,466;467
22,10,state,467,̮̭̃̄,2;2;2;2,8,2,2,1,1,8;4;2;1,128,1,466;-1,468,467;468
22,10,state,468,̮̭̄̂ˬ˭,2;2;2;2;2;2,8,8,2,1,1,32;16;8;4;2;1,512,1,467;-1,471,468;471
22,10,state,469,̖̬́̂,2;2;2;2,8,2,2,1,1,8;4;2;1,128,1,-1;-1,470,469;470
22,10,state,470,̬̫́̂,2;2;2;2,8,2,2,1,1,8;4;2;1,128,1,469;-1,471,470;471
22,10,state,471,̮̭̄ˬ˭̬̫́,2;2;2;2;2;2;2;2,32,8,2,1,1,128;64;32;16;8;4;2;1,2048,1,468;470,472,471;472
22,10,state,472,̴̵̶̷̢̧̨̣̤̥̦̩̪̫̬̭̮̯̰̱̲̳,2;2;2;2;2;2;2;2;2;2;2;2;2;2;2;2;2;2;2;2;2;2,262144,16,16,1,1,2097152;1048576;524288;262144;131072;65536;32768;16384;8192;4096;2048;1024;512;256;128;64;32;16;8;4;2;1,33554432,1,465;471,473,472;473
24,10,expectation,0,ba,2;2,2,2,8388608,1,0,2;1,32,1,-1;-1,1,0;1
24,10,expectation,1,,,1,1,4,1,0,,8,1,0;-1,2,1;2
24,10,state,0,y,2,1,2,2,1,0,1,16,1,-1;-1,1,0;1
24,10,state,1,WXz,2;2;2,1,8,2,1,0,4;2;1,64,1,0;-1,3,1;3
24,10,state,2,z,2,1,2,2,1,0,1,16,1,-1;-1,3,2;3
24,10,state,3,WX,2;2,4,1,2,1,0,2;1,32,1,1;2,4,3;4
24,10,state,4,Xê,2;2,2,2,2,1,1,2;1,32,1,3;-1,5,4;5
24,10,state,5,êÔÕY,2;2;2;2,2,8,2,1,1,8;4;2;1,128,1,4;-1,6,5;6
24,10,state,6,êÔYì,2;2;2;2,8,2,2,1,1,8;4;2;1,128,1,5;-1,11,6;11
24,10,state,7,A,2,1,2,2,1,0,1,16,1,-1;-1,8,7;8
24,10,state,8,YZB,2;2;2,1,8,2,1,0,4;2;1,64,1,7;-1,10,8;10
24,10,state,9,B,2,1,2,2,1,0,1,16,1,-1;-1,10,9;10
24,10,state,10,YZ,2;2,4,1,2,1,0,2;1,32,1,8;9,11,10;11
24,10,state,11,êÔìZ,2;2;2;2,8,2,2,1,1,8;4;2;1,128,1,6;10,14,11;14
24,10,state,12,ÔĂăê,2;2;2;2,2,8,2,1,1,8;4;2;1,128,1,-1;-1,13,12;13
24,10,state,13,Ôăêİ,2;2;2;2,8,2,2,1,1,8;4;2;1,128,1,12;-1,14,13;14
24,10,state,14,ìZăİ,2;2;2;2,4,4,4,1,1,8;4;2;1,128,1,11;13,18,14;18
24,10,state,15,ĚăĄĲ,2;2;2;2,8,2,2,1,1,8;4;2;1,128,1,-1;-1,17,15;17
24,10,state,16,ÖĄąì,2;2;2;2,2,8,2,1,1,8;4;2;1,128,1,-1;-1,17,16;17
24,10,state,17,ĚăĲÖąì,2;2;2;2;2;2,8,8,2,1,1,32;16;8;4;2;1,512,1,15;16,18,17;18
24,10,state,18,ZİĚĲÖą,2;2;2;2;2;2,4,16,4,1,1,32;16;8;4;2;1,512,1,14;17,23,18;23
24,10,state,19,Ěňŉİ,2;2;2;2,2,8,2,1,1,8;4;2;1,128,1,-1;-1,21,19;21
24,10,state,20,šŉŊŷ,2;2;2;2,8,2,2,1,1,8;4;2;1,128,1,-1;-1,21,20;21
24,10,state,21,ĚňİšŊŷ,2;2;2;2;2;2,8,8,2,1,1,32;16;8;4;2;1,512,1,19;20,22,21;22
24,10,state,22,ĚňİšŷŋĲĳ,2;2;2;2;2;2;2;2,32,8,2,1,1,128;64;32;16;8;4;2;1,2048,1,21;-1,23,22;23
24,10,state,23,ZÖąňšŷŋĳ,2;2;2;2;2;2;2;2,8,32,8,1,1,128;64;32;16;8;4;2;1,2048,1,18;22,36,23;36
24,10,state,24,F,2,1,2,2,1,0,1,16,1,-1;-1,25,24;25
24,10,state,25,ÂÃE,2;2;2,1,8,2,1,0,4;2;1,64,1,24;-1,27,25;27
24,10,state,26,E,2,1,2,2,1,0,1,16,1,-1;-1,27,26;27
24,10,state,27,ÂÃ,2;2,4,1,2,1,0,2;1,32,1,25;26,28,27;28
24,10,state,28,ÃØÙÁ,2;2;2;2,2,8,2,1,1,8;4;2;1,128,1,27;-1,33,28;33
24,10,state,29,D,2,1,2,2,1,0,1,16,1,-1;-1,30,29;30
24,10,state,30,ÀÁC,2;2;2,1,8,2,1,0,4;2;1,64,1,29;-1,32,30;32
24,10,state,31,C,2,1,2,2,1,0,1,16,1,-1;-1,32,31;32
24,10,state,32,ÀÁ,2;2,4,1,2,1,0,2;1,32,1,30;31,33,32;33
24,10,state,33,ÃØÙÀ,2;2;2;2,8,2,2,1,0,8;4;2;1,128,1,28;32,34,33;34
24,10,state,34,ÃÙÀï,2;2;2;2,8,2,2,1,1,8;4;2;1,128,1,33;-1,35,34;35
24,10,state,35,ÃÙïÖ×Z,2;2;2;2;2;2,8,8,2,1,1,32;16;8;4;2;1,512,1,34;-1,36,35;36
24,10,state,36,ąňšŷŋĳÃÙï×,2;2;2;2;2;2;2;2;2;2,64,16,4,1,1,512;256;128;64;32;16;8;4;2;1,8192,1,23;35,44,36;44
24,10,state,37,ĞŌōĴ,2;2;2;2,2,8,2,1,1,8;4;2;1,128,1,-1;-1,38,37;38
24,10,state,38,ĞŌōĝ,2;2;2;2,8,2,2,1,0,8;4;2;1,128,1,37;-1,40,38;40
24,10,state,39,ĝąĆĳ,2;2;2;2,8,2,2,1,1,8;4;2;1,128,1,-1;-1,40,39;40
24,10,state,40,ĞŌōąĆĳ,2;2;2;2;2;2,8,8,2,1,0,32;16;8;4;2;1,512,1,38;39,43,40;43
24,10,state,41,×Ććï,2;2;2;2,2,8,2,1,1,8;4;2;1,128,1,-1;-1,42,41;42
24,10,state,42,×ĆïĞğĈ,2;2;2;2;2;2,8,8,2,1,1,32;16;8;4;2;1,512,1,41;-1,43,42;43
24,10,state,43,Ōōąĳ×ïğĈ,2;2;2;2;2;2;2;2,16,16,4,1,1,128;64;32;16;8;4;2;1,2048,1,40;42,44,43;44
24,10,state,44,ňšŷŋÃÙŌōğĈ,2;2;2;2;2;2;2;2;2;2,64,16,16,1,0,512;256;128;64;32;16;8;4;2;1,8192,1,36;43,59,44;59
24,10,state,45,H,2,1,2,2,1,0,1,16,1,-1;-1,46,45;46
24,10,state,46,ÄÅG,2;2;2,1,8,2,1,0,4;2;1,64,1,45;-1,48,46;48
24,10,state,47,G,2,1,2,2,1,0,1,16,1,-1;-1,48,47;48
24,10,state,48,ÄÅ,2;2,4,1,2,1,0,2;1,32,1,46;47,50,48;50
24,10,state,49,ÚÃÄò,2;2;2;2,8,2,2,1,1,8;4;2;1,128,1,-1;-1,50,49;50
24,10,state,50,ÅÚÃò,2;2;2;2,2,8,2,1,1,8;4;2;1,128,1,48;49,51,50;51
24,10,state,51,ÅÃòñ,2;2;2;2,8,2,2,1,1,8;4;2;1,128,1,50;-1,53,51;53
24,10,state,52,ÜĊċò,2;2;2;2,2,8,2,1,1,8;4;2;1,128,1,-1;-1,53,52;53
24,10,state,53,ÅÃñÜĊċ,2;2;2;2;2;2,8,8,2,1,1,32;16;8;4;2;1,512,1,51;52,58,53;58
24,10,state,54,ĠĉĊĸ,2;2;2;2,8,2,2,1,1,8;4;2;1,128,1,-1;-1,55,54;55
24,10,state,55,ĉĊĸķ,2;2;2;2,8,2,2,1,1,8;4;2;1,128,1,54;-1,57,55;57
24,10,state,56,ÙĈĉñ,2;2;2;2,2,8,2,1,1,8;4;2;1,128,1,-1;-1,57,56;57
24,10,state,57,ĊĸķÙĈñ,2;2;2;2;2;2,8,8,2,1,1,32;16;8;4;2;1,512,1,55;56,58,57;58
24,10,state,58,ÅÃÜċĸķÙĈ,2;2;2;2;2;2;2;2,16,16,4,1,1,128;64;32;16;8;4;2;1,2048,1,53;57,59,58;59
24,10,state,59,ňšŷŋŌōğÅÜċĸķ,2;2;2;2;2;2;2;2;2;2;2;2,128,32,8,1,0,2048;1024;512;256;128;64;32;16;8;4;2;1,32768,1,44;58,73,59;73
24,10,state,60,ňƎƏŷ,2;2;2;2,2,8,2,1,1,8;4;2;1,128,1,-1;-1,61,60;61
24,10,state,61,ňƏŷƼ,2;2;2;2,8,2,2,1,1,8;4;2;1,128,1,60;-1,62,61;62
24,10,state,62,ňƏŷǔǕƽ,2;2;2;2;2;2,8,8,2,1,0,32;16;8;4;2;1,512,1,61;-1,65,62;65
24,10,state,63,ƦƏƐƾ,2;2;2;2,8,2,2,1,1,8;4;2;1,128,1,-1;-1,64,63;64
24,10,state,64,ƏƐƾƽ,2;2;2;2,8,2,2,1,1,8;4;2;1,128,1,63;-1,65,64;65
24,10,state,65,ňŷǔǕƐƾ,2;2;2;2;2;2,16,4,4,1,0,32;16;8;4;2;1,512,1,62;64,72,65;72
24,10,state,66,ŢŋŌź,2;2;2;2,8,2,2,1,1,8;4;2;1,128,1,-1;-1,67,66;67
24,10,state,67,ŋŌźŹ,2;2;2;2,8,2,2,1,1,8;4;2;1,128,1,66;-1,69,67;69
24,10,state,68,šƐƑŹ,2;2;2;2,2,8,2,1,1,8;4;2;1,128,1,-1;-1,69,68;69
24,10,state,69,ŋŌźšƐƑ,2;2;2;2;2;2,8,8,2,1,0,32;16;8;4;2;1,512,1,67;68,71,69;71
24,10,state,70,ƓźŻƨƩƑ,2;2;2;2;2;2,8,8,2,1,1,32;16;8;4;2;1,512,1,-1;-1,71,70;71
24,10,state,71,ŋŌšƐƓŻƨƩ,2;2;2;2;2;2;2;2,16,16,4,1,0,128;64;32;16;8;4;2;1,2048,1,69;70,72,71;72
24,10,state,72,ňŷǔǕƾŋŌšƓŻƨƩ,2;2;2;2;2;2;2;2;2;2;2;2,32,128,2,1,1,2048;1024;512;256;128;64;32;16;8;4;2;1,32768,1,65;71,73,72;73
24,10,state,73,ōğÅÜċĸķǔǕƾƓŻƨƩ,2;2;2;2;2;2;2;2;2;2;2;2;2;2,128,128,32,1,1,8192;4096;2048;1024;512;256;128;64;32;16;8;4;2;1,131072,1,59;72,90,73;90
24,10,state,74,ĢċČĺ,2;2;2;2,8,2,2,1,1,8;4;2;1,128,1,-1;-1,75,74;75
24,10,state,75,ċČĺĹ,2;2;2;2,8,2,2,1,1,8;4;2;1,128,1,74;-1,77,75;77
24,10,state,76,ĤŒœĺ,2;2;2;2,2,8,2,1,1,8;4;2;1,128,1,-1;-1,77,76;77
24,10,state,77,ċČĹĤŒœ,2;2;2;2;2;2,8,8,2,1,1,32;16;8;4;2;1,512,1,75;76,81,77;81
24,10,state,78,ũőŒſ,2;2;2;2,8,2,2,1,1,8;4;2;1,128,1,-1;-1,79,78;79
24,10,state,79,őŒſƀ,2;2;2;2,8,2,2,1,1,8;4;2;1,128,1,78;-1,80,79;80
24,10,state,80,ŒſƀŐĸĹ,2;2;2;2;2;2,8,8,2,1,1,32;16;8;4;2;1,512,1,79;-1,81,80;81
24,10,state,81,ċČĤœſƀŐĸ,2;2;2;2;2;2;2;2,16,16,4,1,1,128;64;32;16;8;4;2;1,2048,1,77;80,89,81;89
24,10,state,82,ŤōŎż,2;2;2;2,8,2,2,1,1,8;4;2;1,128,1,-1;-1,83,82;83
24,10,state,83,ōŎżŻ,2;2;2;2,8,2,2,1,1,8;4;2;1,128,1,82;-1,85,83;85
24,10,state,84,ğŎŏķ,2;2;2;2,2,8,2,1,1,8;4;2;1,128,1,-1;-1,85,84;85
24,10,state,85,ōżŻğŏķ,2;2;2;2;2;2,8,8,2,1,1,32;16;8;4;2;1,512,1,83;84,88,85;88
24,10,state,86,ŧƖƗſ,2;2;2;2,2,8,2,1,1,8;4;2;1,128,1,-1;-1,87,86;87
24,10,state,87,ƖƗſŦŏŐ,2;2;2;2;2;2,8,8,2,1,1,32;16;8;4;2;1,512,1,86;-1,88,87;88
24,10,state,88,ōżŻğķƖƗſŦŐ,2;2;2;2;2;2;2;2;2;2,32,32,2,1,1,512;256;128;64;32;16;8;4;2;1,8192,1,85;87,89,88;89
24,10,state,89,ċČĤœƀĸōżŻğķƖƗŦ,2;2;2;2;2;2;2;2;2;2;2;2;2;2,64,256,4,1,1,8192;4096;2048;1024;512;256;128;64;32;16;8;4;2;1,131072,1,81;88,90,89;90
24,10,state,90,ÅÜǔǕƾƓƨƩČĤœƀżƖƗŦ,2;2;2;2;2;2;2;2;2;2;2;2;2;2;2;2,256,256,64,1,1,32768;16384;8192;4096;2048;1024;512;256;128;64;32;16;8;4;2;1,524288,1,73;89,98,90;98
24,10,state,91,ŦƔƕż,2;2;2;2,2,8,2,1,1,8;4;2;1,128,1,-1;-1,93,91;93
24,10,state,92,ƪƓƔǂ,2;2;2;2,8,2,2,1,1,8;4;2;1,128,1,-1;-1,93,92;93
24,10,state,93,ŦƕżƪƓǂ,2;2;2;2;2;2,8,8,2,1,1,32;16;8;4;2;1,512,1,91;92,97,93;97
24,10,state,94,ƭƕƖǃ,2;2;2;2,8,2,2,1,1,8;4;2;1,128,1,-1;-1,95,94;95
24,10,state,95,ƕƖǃǄ,2;2;2;2,8,2,2,1,1,8;4;2;1,128,1,94;-1,96,95;96
24,10,state,96,ƕƖǄǚǛǂ,2;2;2;2;2;2,8,8,2,1,1,32;16;8;4;2;1,512,1,95;-1,97,96;97
24,10,state,97,ŦżƪƓƖǄǚǛ,2;2;2;2;2;2;2;2,16,16,4,1,0,128;64;32;16;8;4;2;1,2048,1,93;96,98,97;98
24,10,state,98,ÅÜǔǕƾƨƩČĤœƀƗƪǄǚǛ,2;2;2;2;2;2;2;2;2;2;2;2;2;2;2;2,4096,16,16,1,0,32768;16384;8192;4096;2048;1024;512;256;128;64;32;16;8;4;2;1,524288,1,90;97,132,98;132
24,10,state,99,ǔȚțȃ,2;2;2;2,2,8,2,1,1,8;4;2;1,128,1,-1;-1,100,99;100
24,10,state,100,ǔȚțǬ,2;2;2;2,8,2,2,1,0,8;4;2;1,128,1,99;-1,103,100;103
24,10,state,101,Țɠɡɉ,2;2;2;2,2,8,2,1,1,8;4;2;1,128,1,-1;-1,102,101;102
24,10,state,102,Țɡɉʎ,2;2;2;2,8,2,2,1,1,8;4;2;1,128,1,101;-1,103,102;103
24,10,state,103,ǔțǬɡɉʎ,2;2;2;2;2;2,8,8,2,1,1,32;16;8;4;2;1,512,1,100;102,105,103;105
24,10,state,104,ȳțȜɉ,2;2;2;2,8,2,2,1,1,8;4;2;1,128,1,-1;-1,105,104;105
24,10,state,105,ǔǬɡʎȳȜ,2;2;2;2;2;2,16,4,4,1,1,32;16;8;4;2;1,512,1,103;104,109,105;109
24,10,state,106,ǬǕǖȄ,2;2;2;2,8,2,2,1,1,8;4;2;1,128,1,-1;-1,108,106;108
24,10,state,107,ǮȜȝȄ,2;2;2;2,2,8,2,1,1,8;4;2;1,128,1,-1;-1,108,107;108
24,10,state,108,ǬǕǖǮȜȝ,2;2;2;2;2;2,8,8,2,1,0,32;16;8;4;2;1,512,1,106;107,109,108;109
24,10,state,109,ǔɡʎȳǕǖǮȝ,2;2;2;2;2;2;2;2,16,16,4,1,0,128;64;32;16;8;4;2;1,2048,1,105;108,114,109;114
24,10,state,110,ȴɢɣɊ,2;2;2;2,2,8,2,1,1,8;4;2;1,128,1,-1;-1,111,110;111
24,10,state,111,ȴɢɣȳ,2;2;2;2,8,2,2,1,0,8;4;2;1,128,1,110;-1,113,111;113
24,10,state,112,ɸɡɢʐ,2;2;2;2,8,2,2,1,1,8;4;2;1,128,1,-1;-1,113,112;113
24,10,state,113,ȴɣȳɸɡʐ,2;2;2;2;2;2,8,8,2,1,1,32;16;8;4;2;1,512,1,111;112,114,113;114
24,10,state,114,ǔʎǕǖǮȝȴɣɸʐ,2;2;2;2;2;2;2;2;2;2,64,16,4,1,1,512;256;128;64;32;16;8;4;2;1,8192,1,109;113,131,114;131
24,10,state,115,ȴȝȞɌ,2;2;2;2,8,2,2,1,1,8;4;2;1,128,1,-1;-1,117,115;117
24,10,state,116,ǰȞȟȆ,2;2;2;2,2,8,2,1,1,8;4;2;1,128,1,-1;-1,117,116;117
24,10,state,117,ȴȝɌǰȟȆ,2;2;2;2;2;2,8,8,2,1,1,32;16;8;4;2;1,512,1,115;116,119,117;119
24,10,state,118,ȷȟȠɍ,2;2;2;2,8,2,2,1,1,8;4;2;1,128,1,-1;-1,119,118;119
24,10,state,119,ȴȝɌǰȆȷȠɍ,2;2;2;2;2;2;2;2,32,8,2,1,1,128;64;32;16;8;4;2;1,2048,1,117;118,123,119;123
24,10,state,120,ǲȠȡȈ,2;2;2;2,2,8,2,1,1,8;4;2;1,128,1,-1;-1,122,120;122
24,10,state,121,ǰǙǚȈ,2;2;2;2,8,2,2,1,1,8;4;2;1,128,1,-1;-1,122,121;122
24,10,state,122,ǲȠȡǰǙǚ,2;2;2;2;2;2,8,8,2,1,0,32;16;8;4;2;1,512,1,120;121,123,122;123
24,10,state,123,ȴȝɌȆȷɍǲȡǙǚ,2;2;2;2;2;2;2;2;2;2,64,16,4,1,1,512;256;128;64;32;16;8;4;2;1,8192,1,119;122,130,123;130
24,10,state,124,ƩǘǙǁ,2;2;2;2,2,8,2,1,1,8;4;2;1,128,1,-1;-1,125,124;125
24,10,state,125,ƩǘǙƪ,2;2;2;2,8,2,2,1,0,8;4;2;1,128,1,124;-1,127,125;127
24,10,state,126,ǮǗǘȆ,2;2;2;2,8,2,2,1,1,8;4;2;1,128,1,-1;-1,127,126;127
24,10,state,127,ƩǙƪǮǗȆ,2;2;2;2;2;2,8,8,2,1,1,32;16;8;4;2;1,512,1,125;126,129,127;129
24,10,state,128,ƨǖǗƾ,2;2;2;2,2,8,2,1,1,8;4;2;1,128,1,-1;-1,129,128;129
24,10,state,129,ƩǙƪǮȆƨǖƾ,2;2;2;2;2;2;2;2,32,8,2,1,1,128;64;32;16;8;4;2;1,2048,1,127;128,130,129;130
24,10,state,130,ȴȝɌȷɍǲȡǚƩƪǮƨǖƾ,2;2;2;2;2;2;2;2;2;2;2;2;2;2,256,64,4,1,1,8192;4096;2048;1024;512;256;128;64;32;16;8;4;2;1,131072,1,123;129,131,130;131
24,10,state,131,ǔʎǕɣɸʐɌȷɍǲȡǚƩƪƨƾ,2;2;2;2;2;2;2;2;2;2;2;2;2;2;2;2,64,1024,16,1,1,32768;16384;8192;4096;2048;1024;512;256;128;64;32;16;8;4;2;1,524288,1,114;130,132,131;132
24,10,state,132,ÅÜČĤœƀƗǄǛʎɣɸʐɌȷɍǲȡ,2;2;2;2;2;2;2;2;2;2;2;2;2;2;2;2;2;2,512,512,128,1,1,131072;65536;32768;16384;8192;4096;2048;1024;512;256;128;64;32;16;8;4;2;1,2097152,1,98;131,133,132;133
24,10,state,133,ÅÜČĤœƀƗǄʎɣɸʐɌȷɍȡǳǜ,2;2;2;2;2;2;2;2;2;2;2;2;2;2;2;2;2;2,65536,4,4,1,1,131072;65536;32768;16384;8192;4096;2048;1024;512;256;128;64;32;16;8;4;2;1,2097152,1,132;-1,164,133;164
24,10,state,134,J,2,1,2,2,1,0,1,16,1,-1;-1,135,134;135
24,10,state,135,ÆÇI,2;2;2,1,8,2,1,0,4;2;1,64,1,134;-1,137,135;137
24,10,state,136,I,2,1,2,2,1,0,1,16,1,-1;-1,137,136;137
24,10,state,137,ÆÇ,2;2,4,1,2,1,0,2;1,32,1,135;136,138,137;138
24,10,state,138,ÆÞßÈ,2;2;2;2,2,8,2,1,0,8;4;2;1,128,1,137;-1,139,138;139
24,10,state,139,ÆßÈõ,2;2;2;2,8,2,2,1,1,8;4;2;1,128,1,138;-1,140,139;140
24,10,state,140,ÆßÈČčô,2;2;2;2;2;2,8,8,2,1,0,32;16;8;4;2;1,512,1,139;-1,142,140;142
24,10,state,141,ÜÅÆô,2;2;2;2,8,2,2,1,1,8;4;2;1,128,1,-1;-1,142,141;142
24,10,state,142,ßÈČčÜÅ,2;2;2;2;2;2,16,4,4,1,0,32;16;8;4;2;1,512,1,140;141,147,142;147
24,10,state,143,àĎďö,2;2;2;2,2,8,2,1,1,8;4;2;1,128,1,-1;-1,144,143;144
24,10,state,144,àĎďß,2;2;2;2,8,2,2,1,0,8;4;2;1,128,1,143;-1,146,144;146
24,10,state,145,ĤčĎļ,2;2;2;2,8,2,2,1,1,8;4;2;1,128,1,-1;-1,146,145;146
24,10,state,146,àďßĤčļ,2;2;2;2;2;2,8,8,2,1,1,32;16;8;4;2;1,512,1,144;145,147,146;147
24,10,state,147,ÈČÜÅàďĤļ,2;2;2;2;2;2;2;2,16,16,4,1,1,128;64;32;16;8;4;2;1,2048,1,142;146,158,147;158
24,10,state,148,K,2,1,2,2,1,0,1,16,1,-1;-1,149,148;149
24,10,state,149,ÈÉL,2;2;2,1,8,2,1,0,4;2;1,64,1,148;-1,151,149;151
24,10,state,150,L,2,1,2,2,1,0,1,16,1,-1;-1,151,150;151
24,10,state,151,ÈÉ,2;2,4,1,2,1,0,2;1,32,1,149;150,152,151;152
24,10,state,152,ÈàáÊ,2;2;2;2,2,8,2,1,0,8;4;2;1,128,1,151;-1,157,152;157
24,10,state,153,N,2,1,2,2,1,0,1,16,1,-1;-1,154,153;154
24,10,state,154,ÊËM,2;2;2,1,8,2,1,0,4;2;1,64,1,153;-1,156,154;156
24,10,state,155,M,2,1,2,2,1,0,1,16,1,-1;-1,156,155;156
24,10,state,156,ÊË,2;2,4,1,2,1,0,2;1,32,1,154;155,157,156;157
24,10,state,157,ÈàáË,2;2;2;2,8,2,2,1,0,8;4;2;1,128,1,152;156,158,157;158
24,10,state,158,ČÜÅďĤļáË,2;2;2;2;2;2;2;2,64,4,4,1,1,128;64;32;16;8;4;2;1,2048,1,147;157,163,158;163
24,10,state,159,âĐđø,2;2;2;2,2,8,2,1,1,8;4;2;1,128,1,-1;-1,160,159;160
24,10,state,160,âĐđá,2;2;2;2,8,2,2,1,0,8;4;2;1,128,1,159;-1,162,160;162
24,10,state,161,ĦďĐľ,2;2;2;2,8,2,2,1,1,8;4;2;1,128,1,-1;-1,162,161;162
24,10,state,162,âđáĦďľ,2;2;2;2;2;2,8,8,2,1,1,32;16;8;4;2;1,512,1,160;161,163,162;163
24,10,state,163,ČÜÅĤļËâđĦľ,2;2;2;2;2;2;2;2;2;2,64,16,4,1,1,512;256;128;64;32;16;8;4;2;1,8192,1,158;162,164,163;164
24,10,state,164,œƀƗǄʎɣɸʐɌȷɍȡǳǜļËâđĦľ,2;2;2;2;2;2;2;2;2;2;2;2;2;2;2;2;2;2;2;2,16384,64,16,1,1,524288;262144;131072;65536;32768;16384;8192;4096;2048;1024;512;256;128;64;32;16;8;4;2;1,8388608,1,133;163,176,164;176
24,10,state,165,ƮƗƘǆ,2;2;2;2,8,2,2,1,1,8;4;2;1,128,1,-1;-1,167,165;167
24,10,state,166,ŪƘƙƀ,2;2;2;2,2,8,2,1,1,8;4;2;1,128,1,-1;-1,167,166;167
24,10,state,167,ƮƗǆŪƙƀ,2;2;2;2;2;2,8,8,2,1,1,32;16;8;4;2;1,512,1,165;166,168,167;168
24,10,state,168,ƮƗŪƙƀǞǟǇ,2;2;2;2;2;2;2;2,32,8,2,1,1,128;64;32;16;8;4;2;1,2048,1,167;-1,171,168;171
24,10,state,169,ĦŔŕļ,2;2;2;2,2,8,2,1,1,8;4;2;1,128,1,-1;-1,170,169;170
24,10,state,170,ĦŕļŪūœ,2;2;2;2;2;2,8,8,2,1,1,32;16;8;4;2;1,512,1,169;-1,171,170;171
24,10,state,171,ƮƗƙƀǞǟǇĦŕļūœ,2;2;2;2;2;2;2;2;2;2;2;2,128,32,2,1,1,2048;1024;512;256;128;64;32;16;8;4;2;1,32768,1,168;170,172,171;172
24,10,state,172,ƮƗƙƀǞǟĦŕļūœư,2;2;2;2;2;2;2;2;2;2;2;2,2048,2,2,1,1,2048;1024;512;256;128;64;32;16;8;4;2;1,32768,1,171;-1,175,172;175
24,10,state,173,ƮǜǝǄ,2;2;2;2,2,8,2,1,1,8;4;2;1,128,1,-1;-1,174,173;174
24,10,state,174,ƮǜǄǴǵǞ,2;2;2;2;2;2,8,8,2,1,1,32;16;8;4;2;1,512,1,173;-1,175,174;175
24,10,state,175,ƗƙƀǟĦŕļūœưǜǄǴǵ,2;2;2;2;2;2;2;2;2;2;2;2;2;2,1024,16,4,1,1,8192;4096;2048;1024;512;256;128;64;32;16;8;4;2;1,131072,1,172;174,176,175;176
24,10,state,176,ʎɣɸʐɌȷɍȡǳËâđľƙǟŕūưǴǵ,2;2;2;2;2;2;2;2;2;2;2;2;2;2;2;2;2;2;2;2,8192,128,128,1,1,524288;262144;131072;65536;32768;16384;8192;4096;2048;1024;512;256;128;64;32;16;8;4;2;1,8388608,1,164;175,199,176;199
24,10,state,177,O,2,1,2,2,1,0,1,16,1,-1;-1,178,177;178
24,10,state,178,ÌÍP,2;2;2,1,8,2,1,0,4;2;1,64,1,177;-1,180,178;180
24,10,state,179,P,2,1,2,2,1,0,1,16,1,-1;-1,180,179;180
24,10,state,180,ÌÍ,2;2,4,1,2,1,0,2;1,32,1,178;179,181,180;181
24,10,state,181,ÌäåÎ,2;2;2;2,2,8,2,1,0,8;4;2;1,128,1,180;-1,182,181;182
24,10,state,182,ÌåÎû,2;2;2;2,8,2,2,1,1,8;4;2;1,128,1,181;-1,187,182;187
24,10,state,183,Q,2,1,2,2,1,0,1,16,1,-1;-1,184,183;184
24,10,state,184,ÎÏR,2;2;2,1,8,2,1,0,4;2;1,64,1,183;-1,186,184;186
24,10,state,185,R,2,1,2,2,1,0,1,16,1,-1;-1,186,185;186
24,10,state,186,ÎÏ,2;2,4,1,2,1,0,2;1,32,1,184;185,187,186;187
24,10,state,187,ÌåûÏ,2;2;2;2,8,2,2,1,1,8;4;2;1,128,1,182;186,188,187;188
24,10,state,188,åûÏâãË,2;2;2;2;2;2,8,8,2,1,1,32;16;8;4;2;1,512,1,187;-1,189,188;189
24,10,state,189,åûÏâËú,2;2;2;2;2;2,32,2,2,1,1,32;16;8;4;2;1,512,1,188;-1,193,189;193
24,10,state,190,ĨŖŗľ,2;2;2;2,2,8,2,1,1,8;4;2;1,128,1,-1;-1,191,190;191
24,10,state,191,ŖŗľĩđĒ,2;2;2;2;2;2,8,8,2,1,1,32;16;8;4;2;1,512,1,190;-1,192,191;192
24,10,state,192,Ŗŗľĩđēúû,2;2;2;2;2;2;2;2,32,8,2,1,0,128;64;32;16;8;4;2;1,2048,1,191;-1,193,192;193
24,10,state,193,åÏâËŖŗľĩđē,2;2;2;2;2;2;2;2;2;2,16,64,4,1,0,512;256;128;64;32;16;8;4;2;1,8192,1,189;192,194,193;194
24,10,state,194,åÏâËŗľĩđēŬŭŕ,2;2;2;2;2;2;2;2;2;2;2;2,512,8,2,1,1,2048;1024;512;256;128;64;32;16;8;4;2;1,32768,1,193;-1,195,194;195
24,10,state,195,åÏâËŗľĩđēŭŕƃ,2;2;2;2;2;2;2;2;2;2;2;2,2048,2,2,1,1,2048;1024;512;256;128;64;32;16;8;4;2;1,32768,1,194;-1,196,195;196
24,10,state,196,åÏâËŗľĩđēŭŕƚƛƂ,2;2;2;2;2;2;2;2;2;2;2;2;2;2,2048,8,2,1,0,8192;4096;2048;1024;512;256;128;64;32;16;8;4;2;1,131072,1,195;-1,197,196;197
24,10,state,197,åÏâËŗľĩđēŭŕƚƛū,2;2;2;2;2;2;2;2;2;2;2;2;2;2,8192,2,2,1,0,8192;4096;2048;1024;512;256;128;64;32;16;8;4;2;1,131072,1,196;-1,198,197;198
24,10,state,198,åÏâËŗľĩđēŭŕƛūưƱƙ,2;2;2;2;2;2;2;2;2;2;2;2;2;2;2;2,8192,8,2,1,1,32768;16384;8192;4096;2048;1024;512;256;128;64;32;16;8;4;2;1,524288,1,197;-1,199,198;199
24,10,state,199,ʎɣɸʐɌȷɍȡǳǟǴǵåÏŗĩēŭƛƱ,2;2;2;2;2;2;2;2;2;2;2;2;2;2;2;2;2;2;2;2,4096,256,256,1,1,524288;262144;131072;65536;32768;16384;8192;4096;2048;1024;512;256;128;64;32;16;8;4;2;1,8388608,1,176;198,206,199;206
24,10,state,200,ůŗŘƅ,2;2;2;2,8,2,2,1,1,8;4;2;1,128,1,-1;-1,202,200;202
24,10,state,201,ŭƜƝƅ,2;2;2;2,2,8,2,1,1,8;4;2;1,128,1,-1;-1,202,201;202
24,10,state,202,ůŗŘŭƜƝ,2;2;2;2;2;2,8,8,2,1,0,32;16;8;4;2;1,512,1,200;201,204,202;204
24,10,state,203,ƴƝƞǌ,2;2;2;2,8,2,2,1,1,8;4;2;1,128,1,-1;-1,204,203;204
24,10,state,204,ůŗŘŭƜƴƞǌ,2;2;2;2;2;2;2;2,32,8,2,1,0,128;64;32;16;8;4;2;1,2048,1,202;203,205,204;205
24,10,state,205,ůŗŘŭƜƞǌǋ,2;2;2;2;2;2;2;2,128,2,2,1,1,128;64;32;16;8;4;2;1,2048,1,204;-1,206,205;206
24,10,state,206,ʎɣɸʐɌȷɍȡǳǟǴǵåÏĩēƛƱůŘƜƞǌǋ,2;2;2;2;2;2;2;2;2;2;2;2;2;2;2;2;2;2;2;2;2;2;2;2,262144,64,4,1,1,8388608;4194304;2097152;1048576;524288;262144;131072;65536;32768;16384;8192;4096;2048;1024;512;256;128;64;32;16;8;4;2;1,134217728,1,199;205,207,206;207
24,10,state,207,ʎɣɸʐɌȷɍȡǳǟǴǵåÏĩēƛƱŘƜƞǌǋƆ,2;2;2;2;2;2;2;2;2;2;2;2;2;2;2;2;2;2;2;2;2;2;2;2,8388608,2,2,1,1,8388608;4194304;2097152;1048576;524288;262144;131072;65536;32768;16384;8192;4096;2048;1024;512;256;128;64;32;16;8;4;2;1,134217728,1,206;-1,208,207;208
24,10,state,208,ʎɣɸʐɌȷɍȡǳǟǴǵåÏĩēƱŘƞǌǋƆƲƳ,2;2;2;2;2;2;2;2;2;2;2;2;2;2;2;2;2;2;2;2;2;2;2;2,4194304,4,4,1,1,8388608;4194304;2097152;1048576;524288;262144;131072;65536;32768;16384;8192;4096;2048;1024;512;256;128;64;32;16;8;4;2;1,134217728,1,207;-1,209,208;209
24,10,state,209,ʎɣɸʐɌȷɍȡǳǟǴǵåÏēƱŘƞǌǋƆƲƳŀ,2;2;2;2;2;2;2;2;2;2;2;2;2;2;2;2;2;2;2;2;2;2;2;2,8388608,2,2,1,1,8388608;4194304;2097152;1048576;524288;262144;131072;65536;32768;16384;8192;4096;2048;1024;512;256;128;64;32;16;8;4;2;1,134217728,1,208;-1,210,209;210
24,10,state,210,ʎɣɸʐɌȷɍȡǳǟǴǵåÏēƱŘǌǋƲƳŀƟƇ,2;2;2;2;2;2;2;2;2;2;2;2;2;2;2;2;2;2;2;2;2;2;2;2,4194304,4,4,1,1,8388608;4194304;2097152;1048576;524288;262144;131072;65536;32768;16384;8192;4096;2048;1024;512;256;128;64;32;16;8;4;2;1,134217728,1,209;-1,211,210;211
24,10,state,211,ʎɣɸʐɌȷɍȡǳǟǴǵåÏēƱŘǌǋƲŀƟƇǊ,2;2;2;2;2;2;2;2;2;2;2;2;2;2;2;2;2;2;2;2;2;2;2;2,8388608,2,2,1,1,8388608;4194304;2097152;1048576;524288;262144;131072;65536;32768;16384;8192;4096;2048;1024;512;256;128;64;32;16;8;4;2;1,134217728,1,210;-1,311,211;311
24,10,state,212,V,2,1,2,2,1,0,1,16,1,-1;-1,213,212;213
24,10,state,213,ÒÓU,2;2;2,1,8,2,1,0,4;2;1,64,1,212;-1,215,213;215
24,10,state,214,U,2,1,2,2,1,0,1,16,1,-1;-1,215,214;215
24,10,state,215,ÒÓ,2;2,4,1,2,1,0,2;1,32,1,213;214,216,215;216
24,10,state,216,Òā,2;2,2,2,2,1,0,2;1,32,1,215;-1,217,216;217
24,10,state,217,āèéÑ,2;2;2;2,2,8,2,1,1,8;4;2;1,128,1,216;-1,219,217;219
24,10,state,218,éĘęā,2;2;2;2,2,8,2,1,1,8;4;2;1,128,1,-1;-1,219,218;219
24,10,state,219,èÑĘę,2;2;2;2,4,4,4,1,1,8;4;2;1,128,1,217;218,220,219;220
24,10,state,220,ÑĘęÿ,2;2;2;2,8,2,2,1,1,8;4;2;1,128,1,219;-1,221,220;221
24,10,state,221,ÑĘÿŇ,2;2;2;2,8,2,2,1,1,8;4;2;1,128,1,220;-1,222,221;222
24,10,state,222,ÑÿŇĮįė,2;2;2;2;2;2,8,8,2,1,1,32;16;8;4;2;1,512,1,221;-1,229,222;229
24,10,state,223,T,2,1,2,2,1,0,1,16,1,-1;-1,224,223;224
24,10,state,224,ÐÑS,2;2;2,1,8,2,1,0,4;2;1,64,1,223;-1,226,224;226
24,10,state,225,S,2,1,2,2,1,0,1,16,1,-1;-1,226,225;226
24,10,state,226,ÐÑ,2;2,4,1,2,1,0,2;1,32,1,224;225,227,226;227
24,10,state,227,ÑæçÏ,2;2;2;2,2,8,2,1,1,8;4;2;1,128,1,226;-1,228,227;228
24,10,state,228,ÑæÏþ,2;2;2;2,8,2,2,1,1,8;4;2;1,128,1,227;-1,229,228;229
24,10,state,229,ÿŇĮįėæÏþ,2;2;2;2;2;2;2;2,32,8,2,1,1,128;64;32;16;8;4;2;1,2048,1,222;228,232,229;232
24,10,state,230,ĭĕĖŃ,2;2;2;2,8,2,2,1,1,8;4;2;1,128,1,-1;-1,231,230;231
24,10,state,231,ĭĕŃėþÿ,2;2;2;2;2;2,8,8,2,1,1,32;16;8;4;2;1,512,1,230;-1,232,231;232
24,10,state,232,ŇĮįæÏĭĕŃ,2;2;2;2;2;2;2;2,32,8,8,1,0,128;64;32;16;8;4;2;1,2048,1,229;231,235,232;235
24,10,state,233,ĮŜŝń,2;2;2;2,2,8,2,1,1,8;4;2;1,128,1,-1;-1,234,233;234
24,10,state,234,ĮŜŝĭ,2;2;2;2,8,2,2,1,0,8;4;2;1,128,1,233;-1,235,234;235
24,10,state,235,ŇįæÏĕŃŜŝ,2;2;2;2;2;2;2;2,64,4,4,1,1,128;64;32;16;8;4;2;1,2048,1,232;234,239,235;239
24,10,state,236,įŞşŇ,2;2;2;2,2,8,2,1,1,8;4;2;1,128,1,-1;-1,237,236;237
24,10,state,237,įŞŇƍ,2;2;2;2,8,2,2,1,1,8;4;2;1,128,1,236;-1,238,237;238
24,10,state,238,įŇƍŴŵŝ,2;2;2;2;2;2,8,8,2,1,1,32;16;8;4;2;1,512,1,237;-1,239,238;239
24,10,state,239,æÏĕŃŜƍŴŵ,2;2;2;2;2;2;2;2,32,8,8,1,0,128;64;32;16;8;4;2;1,2048,1,235;238,247,239;247
24,10,state,240,ƻǪǫǓ,2;2;2;2,2,8,2,1,1,8;4;2;1,128,1,-1;-1,241,240;241
24,10,state,241,ƻǪǓș,2;2;2;2,8,2,2,1,1,8;4;2;1,128,1,240;-1,243,241;243
24,10,state,242,ƻƣƤǑ,2;2;2;2,8,2,2,1,1,8;4;2;1,128,1,-1;-1,243,242;243
24,10,state,243,ǪǓșƣƤǑ,2;2;2;2;2;2,8,8,2,1,1,32;16;8;4;2;1,512,1,241;242,246,243;246
24,10,state,244,ƤƌƍǓ,2;2;2;2,8,2,2,1,1,8;4;2;1,128,1,-1;-1,245,244;245
24,10,state,245,ƤƍǓŵ,2;2;2;2,8,2,2,1,1,8;4;2;1,128,1,244;-1,246,245;246
24,10,state,246,ǪșƣǑƍŵ,2;2;2;2;2;2,16,4,4,1,1,32;16;8;4;2;1,512,1,243;245,247,246;247
24,10,state,247,æÏĕŃŜŴǪșƣǑ,2;2;2;2;2;2;2;2;2;2,64,16,4,1,0,512;256;128;64;32;16;8;4;2;1,8192,1,239;246,260,247;260
24,10,state,248,ųƢƣƋ,2;2;2;2,2,8,2,1,1,8;4;2;1,128,1,-1;-1,249,248;249
24,10,state,249,ųƢƣŴ,2;2;2;2,8,2,2,1,0,8;4;2;1,128,1,248;-1,251,249;251
24,10,state,250,ųśŜƉ,2;2;2;2,8,2,2,1,1,8;4;2;1,128,1,-1;-1,251,250;251
24,10,state,251,ƢƣŴśŜƉ,2;2;2;2;2;2,8,8,2,1,1,32;16;8;4;2;1,512,1,249;250,256,251;256
24,10,state,252,ƹơƢǏ,2;2;2;2,8,2,2,1,1,8;4;2;1,128,1,-1;-1,253,252;253
24,10,state,253,ơƢǏǐ,2;2;2;2,8,2,2,1,1,8;4;2;1,128,1,252;-1,255,253;255
24,10,state,254,űƠơƉ,2;2;2;2,2,8,2,1,1,8;4;2;1,128,1,-1;-1,255,254;255
24,10,state,255,ƢǏǐűƠƉ,2;2;2;2;2;2,8,8,2,1,1,32;16;8;4;2;1,512,1,253;254,256,255;256
24,10,state,256,ƣŴśŜǏǐűƠ,2;2;2;2;2;2;2;2,16,16,4,1,0,128;64;32;16;8;4;2;1,2048,1,251;255,259,256;259
24,10,state,257,űřŚƇ,2;2;2;2,8,2,2,1,1,8;4;2;1,128,1,-1;-1,258,257;258
24,10,state,258,űřƇśłŃ,2;2;2;2;2;2,8,8,2,1,1,32;16;8;4;2;1,512,1,257;-1,259,258;259
24,10,state,259,ƣŴŜǏǐƠřƇłŃ,2;2;2;2;2;2;2;2;2;2,64,16,4,1,1,512;256;128;64;32;16;8;4;2;1,8192,1,256;258,260,259;260
24,10,state,260,æÏĕǪșǑǏǐƠřƇł,2;2;2;2;2;2;2;2;2;2;2;2,64,64,16,1,1,2048;1024;512;256;128;64;32;16;8;4;2;1,32768,1,247;259,300,260;300
24,10,state,261,ɷʼʽʤ,2;2;2;2,2,8,2,1,1,8;4;2;1,128,1,-1;-1,262,261;262
24,10,state,262,ɷʼʤ˫,2;2;2;2,8,2,2,1,1,8;4;2;1,128,1,261;-1,265,262;265
24,10,state,263,ȱɶɷɞ,2;2;2;2,2,8,2,1,1,8;4;2;1,128,1,-1;-1,264,263;264
24,10,state,264,ȱɶɷɇ,2;2;2;2,8,2,2,1,0,8;4;2;1,128,1,263;-1,265,264;265
24,10,state,265,ʼʤ˫ȱɶɇ,2;2;2;2;2;2,8,8,2,1,1,32;16;8;4;2;1,512,1,262;264,270,265;270
24,10,state,266,ʍɵɶʣ,2;2;2;2,8,2,2,1,1,8;4;2;1,128,1,-1;-1,267,266;267
24,10,state,267,ɵɶʣʤ,2;2;2;2,8,2,2,1,1,8;4;2;1,128,1,266;-1,269,267;269
24,10,state,268,Ɇɴɵɜ,2;2;2;2,2,8,2,1,1,8;4;2;1,128,1,-1;-1,269,268;269
24,10,state,269,ɶʣʤɆɴɜ,2;2;2;2;2;2,8,8,2,1,1,32;16;8;4;2;1,512,1,267;268,270,269;270
24,10,state,270,ʼ˫ȱɇʣɆɴɜ,2;2;2;2;2;2;2;2,16,16,4,1,1,128;64;32;16;8;4;2;1,2048,1,265;269,275,270;275
24,10,state,271,ȁǩǪȗ,2;2;2;2,8,2,2,1,1,8;4;2;1,128,1,-1;-1,273,271;273
24,10,state,272,ȁȰȱș,2;2;2;2,2,8,2,1,1,8;4;2;1,128,1,-1;-1,273,272;273
24,10,state,273,ǩǪȗȰȱș,2;2;2;2;2;2,8,8,2,1,1,32;16;8;4;2;1,512,1,271;272,274,273;274
24,10,state,274,ǩǪȗȱșɆɇȯ,2;2;2;2;2;2;2;2,32,8,2,1,1,128;64;32;16;8;4;2;1,2048,1,273;-1,275,274;275
24,10,state,275,ʼ˫ʣɴɜǩǪȗșȯ,2;2;2;2;2;2;2;2;2;2,32,32,8,1,1,512;256;128;64;32;16;8;4;2;1,8192,1,270;274,283,275;283
24,10,state,276,ɄȭȮɜ,2;2;2;2,8,2,2,1,1,8;4;2;1,128,1,-1;-1,277,276;277
24,10,state,277,ȭȮɜɛ,2;2;2;2,8,2,2,1,1,8;4;2;1,128,1,276;-1,279,277;279
24,10,state,278,ǿȮȯȗ,2;2;2;2,2,8,2,1,1,8;4;2;1,128,1,-1;-1,279,278;279
24,10,state,279,ȭɜɛǿȯȗ,2;2;2;2;2;2,8,8,2,1,1,32;16;8;4;2;1,512,1,277;278,282,279;282
24,10,state,280,ʊɳɴʢ,2;2;2;2,8,2,2,1,1,8;4;2;1,128,1,-1;-1,281,280;281
24,10,state,281,ʊɴʢɲɚɛ,2;2;2;2;2;2,8,8,2,1,1,32;16;8;4;2;1,512,1,280;-1,282,281;282
24,10,state,282,ȭɜǿȯȗʊɴʢɲɚ,2;2;2;2;2;2;2;2;2;2,32,32,2,1,1,512;256;128;64;32;16;8;4;2;1,8192,1,279;281,283,282;283
24,10,state,283,ʼ˫ʣǩǪșȭǿʊʢɲɚ,2;2;2;2;2;2;2;2;2;2;2;2,64,64,16,1,0,2048;1024;512;256;128;64;32;16;8;4;2;1,32768,1,275;282,295,283;295
24,10,state,284,ɃȫȬə,2;2;2;2,8,2,2,1,1,8;4;2;1,128,1,-1;-1,285,284;285
24,10,state,285,ȫȬəɚ,2;2;2;2,8,2,2,1,1,8;4;2;1,128,1,284;-1,288,285;288
24,10,state,286,ǾȬȭȔ,2;2;2;2,2,8,2,1,1,8;4;2;1,128,1,-1;-1,287,286;287
24,10,state,287,ǾȬȭǽ,2;2;2;2,8,2,2,1,0,8;4;2;1,128,1,286;-1,288,287;288
24,10,state,288,ȫəɚǾȭǽ,2;2;2;2;2;2,8,8,2,1,1,32;16;8;4;2;1,512,1,285;287,292,288;292
24,10,state,289,ǼȪȫȒ,2;2;2;2,2,8,2,1,1,8;4;2;1,128,1,-1;-1,290,289;290
24,10,state,290,ȪȫȒǽǥǦ,2;2;2;2;2;2,8,8,2,1,1,32;16;8;4;2;1,512,1,289;-1,291,290;291
24,10,state,291,ȪȫȒǽǥǧǎǏ,2;2;2;2;2;2;2;2,32,8,2,1,0,128;64;32;16;8;4;2;1,2048,1,290;-1,292,291;292
24,10,state,292,əɚǾȭȪȒǥǧǎǏ,2;2;2;2;2;2;2;2;2;2,16,64,4,1,0,512;256;128;64;32;16;8;4;2;1,8192,1,288;291,294,292;294
24,10,state,293,ǩǐǑǾǿǧ,2;2;2;2;2;2,8,8,2,1,1,32;16;8;4;2;1,512,1,-1;-1,294,293;294
24,10,state,294,əɚȭȪȒǥǎǏǩǐǑǿ,2;2;2;2;2;2;2;2;2;2;2;2,256,16,4,1,1,2048;1024;512;256;128;64;32;16;8;4;2;1,32768,1,292;293,295,294;295
24,10,state,295,ʼ˫ʣǪșʊʢɲəȪȒǥǎǏǐǑ,2;2;2;2;2;2;2;2;2;2;2;2;2;2;2;2,256,256,16,1,0,32768;16384;8192;4096;2048;1024;512;256;128;64;32;16;8;4;2;1,524288,1,283;294,299,295;299
24,10,state,296,ƶǤǥǌ,2;2;2;2,2,8,2,1,1,8;4;2;1,128,1,-1;-1,298,296;298
24,10,state,297,ƶƟƠǎ,2;2;2;2,8,2,2,1,1,8;4;2;1,128,1,-1;-1,298,297;298
24,10,state,298,ǤǥǌƟƠǎ,2;2;2;2;2;2,8,8,2,1,1,32;16;8;4;2;1,512,1,296;297,299,298;299
24,10,state,299,ʼ˫ʣǪșʊʢɲəȪȒǏǐǑǤǌƟƠ,2;2;2;2;2;2;2;2;2;2;2;2;2;2;2;2;2;2,16384,16,4,1,1,131072;65536;32768;16384;8192;4096;2048;1024;512;256;128;64;32;16;8;4;2;1,2097152,1,295;298,300,299;300
24,10,state,300,æÏĕřƇłʼ˫ʣʊʢɲəȪȒǤǌƟ,2;2;2;2;2;2;2;2;2;2;2;2;2;2;2;2;2;2,64,4096,64,1,1,131072;65536;32768;16384;8192;4096;2048;1024;512;256;128;64;32;16;8;4;2;1,2097152,1,260;299,306,300;306
24,10,state,301,åĔĕý,2;2;2;2,2,8,2,1,1,8;4;2;1,128,1,-1;-1,302,301;302
24,10,state,302,åĔĕæ,2;2;2;2,8,2,2,1,0,8;4;2;1,128,1,301;-1,305,302;305
24,10,state,303,īēĔŁ,2;2;2;2,8,2,2,1,1,8;4;2;1,128,1,-1;-1,304,303;304
24,10,state,304,ēĔŁł,2;2;2;2,8,2,2,1,1,8;4;2;1,128,1,303;-1,305,304;305
24,10,state,305,åĕæēŁł,2;2;2;2;2;2,8,8,2,1,1,32;16;8;4;2;1,512,1,302;304,306,305;306
24,10,state,306,ÏřƇʼ˫ʣʊʢɲəȪȒǤǌƟåēŁ,2;2;2;2;2;2;2;2;2;2;2;2;2;2;2;2;2;2,32768,8,8,1,1,131072;65536;32768;16384;8192;4096;2048;1024;512;256;128;64;32;16;8;4;2;1,2097152,1,300;305,307,306;307
24,10,state,307,ÏřƇʼ˫ʣʊʢɲəȪǤǌƟåēŁǻ,2;2;2;2;2;2;2;2;2;2;2;2;2;2;2;2;2;2,131072,2,2,1,1,131072;65536;32768;16384;8192;4096;2048;1024;512;256;128;64;32;16;8;4;2;1,2097152,1,306;-1,308,307;308
24,10,state,308,ÏƇʼ˫ʣʊʢɲəȪǤǌƟåēǻŘŀ,2;2;2;2;2;2;2;2;2;2;2;2;2;2;2;2;2;2,65536,4,4,1,1,131072;65536;32768;16384;8192;4096;2048;1024;512;256;128;64;32;16;8;4;2;1,2097152,1,307;-1,309,308;309
24,10,state,309,ÏƇʼ˫ʣʊʢɲəȪǌƟåēŘŀǺǣ,2;2;2;2;2;2;2;2;2;2;2;2;2;2;2;2;2;2,65536,4,4,1,1,131072;65536;32768;16384;8192;4096;2048;1024;512;256;128;64;32;16;8;4;2;1,2097152,1,308;-1,310,309;310
24,10,state,310,ÏƇʼ˫ʣʊʢɲəȪǌƟåēŘŀǺǢǊǋ,2;2;2;2;2;2;2;2;2;2;2;2;2;2;2;2;2;2;2;2,131072,8,2,1,0,524288;262144;131072;65536;32768;16384;8192;4096;2048;1024;512;256;128;64;32;16;8;4;2;1,8388608,1,309;-1,311,310;311
24,10,state,311,ʎɣɸʐɌȷɍȡǳǟǴǵƱƲʼ˫ʣʊʢɲəȪǺǢ,2;2;2;2;2;2;2;2;2;2;2;2;2;2;2;2;2;2;2;2;2;2;2;2,16384,1024,1024,1,0,8388608;4194304;2097152;1048576;524288;262144;131072;65536;32768;16384;8192;4096;2048;1024;512;256;128;64;32;16;8;4;2;1,134217728,1,211;310,312,311;312
24,10,state,312,ʎɣɸʐɌȷɍȡǳǟǴǵƲʼ˫ʣʊʢɲəȪǺǢǈ,2;2;2;2;2;2;2;2;2;2;2;2;2;2;2;2;2;2;2;2;2;2;2;2,8388608,2,2,1,1,8388608;4194304;2097152;1048576;524288;262144;131072;65536;32768;16384;8192;4096;2048;1024;512;256;128;64;32;16;8;4;2;1,134217728,1,311;-1,314,312;314
24,10,state,313,ƲǠǡǈ,2;2;2;2,2,8,2,1,1,8;4;2;1,128,1,-1;-1,314,313;314
24,10,state,314,ʎɣɸʐɌȷɍȡǳǟǴǵʼ˫ʣʊʢɲəȪǺǢǠǡ,2;2;2;2;2;2;2;2;2;2;2;2;2;2;2;2;2;2;2;2;2;2;2;2,4194304,4,4,1,0,8388608;4194304;2097152;1048576;524288;262144;131072;65536;32768;16384;8192;4096;2048;1024;512;256;128;64;32;16;8;4;2;1,134217728,1,312;313,316,314;316
24,10,state,315,ǹǡǢȏ,2;2;2;2,8,2,2,1,1,8;4;2;1,128,1,-1;-1,316,315;316
24,10,state,316,ʎɣɸʐɌȷɍȡǳǟǴǵʼ˫ʣʊʢɲəȪǺǠǹȏ,2;2;2;2;2;2;2;2;2;2;2;2;2;2;2;2;2;2;2;2;2;2;2;2,4194304,4,4,1,0,8388608;4194304;2097152;1048576;524288;262144;131072;65536;32768;16384;8192;4096;2048;1024;512;256;128;64;32;16;8;4;2;1,134217728,1,314;315,320,316;320
24,10,state,317,ǷȦȧȏ,2;2;2;2,2,8,2,1,1,8;4;2;1,128,1,-1;-1,319,317;319
24,10,state,318,ǷǟǠȍ,2;2;2;2,8,2,2,1,1,8;4;2;1,128,1,-1;-1,319,318;319
24,10,state,319,ȦȧȏǟǠȍ,2;2;2;2;2;2,8,8,2,1,1,32;16;8;4;2;1,512,1,317;318,320,319;320
24,10,state,320,ʎɣɸʐɌȷɍȡǳǴǵʼ˫ʣʊʢɲəȪǺǹȦȧȍ,2;2;2;2;2;2;2;2;2;2;2;2;2;2;2;2;2;2;2;2;2;2;2;2,2097152,8,8,1,0,8388608;4194304;2097152;1048576;524288;262144;131072;65536;32768;16384;8192;4096;2048;1024;512;256;128;64;32;16;8;4;2;1,134217728,1,316;319,322,320;322
24,10,state,321,ǵȤȥȍ,2;2;2;2,2,8,2,1,1,8;4;2;1,128,1,-1;-1,322,321;322
24,10,state,322,ʎɣɸʐɌȷɍȡǳǴʼ˫ʣʊʢɲəȪǺǹȦȧȤȥ,2;2;2;2;2;2;2;2;2;2;2;2;2;2;2;2;2;2;2;2;2;2;2;2,4194304,4,4,1,0,8388608;4194304;2097152;1048576;524288;262144;131072;65536;32768;16384;8192;4096;2048;1024;512;256;128;64;32;16;8;4;2;1,134217728,1,320;321,325,322;325
24,10,state,323,ȽȥȦɓ,2;2;2;2,8,2,2,1,1,8;4;2;1,128,1,-1;-1,324,323;324
24,10,state,324,ȥȦɓɔ,2;2;2;2,8,2,2,1,1,8;4;2;1,128,1,323;-1,325,324;325
24,10,state,325,ʎɣɸʐɌȷɍȡǳǴʼ˫ʣʊʢɲəȪǺǹȧȤɓɔ,2;2;2;2;2;2;2;2;2;2;2;2;2;2;2;2;2;2;2;2;2;2;2;2,4194304,4,4,1,0,8388608;4194304;2097152;1048576;524288;262144;131072;65536;32768;16384;8192;4096;2048;1024;512;256;128;64;32;16;8;4;2;1,134217728,1,322;324,337,325;337
24,10,state,326,ȸɦɧɎ,2;2;2;2,2,8,2,1,1,8;4;2;1,128,1,-1;-1,327,326;327
24,10,state,327,ȸɦɧȷ,2;2;2;2,8,2,2,1,0,8;4;2;1,128,1,326;-1,329,327;329
24,10,state,328,ȸȡȢɐ,2;2;2;2,8,2,2,1,1,8;4;2;1,128,1,-1;-1,329,328;329
24,10,state,329,ɦɧȷȡȢɐ,2;2;2;2;2;2,8,8,2,1,1,32;16;8;4;2;1,512,1,327;328,331,329;331
24,10,state,330,ɩɐɑɾɿɧ,2;2;2;2;2;2,8,8,2,1,1,32;16;8;4;2;1,512,1,-1;-1,331,330;331
24,10,state,331,ɦȷȡȢɩɑɾɿ,2;2;2;2;2;2;2;2,16,16,4,1,0,128;64;32;16;8;4;2;1,2048,1,329;330,336,331;336
24,10,state,332,ǳȢȣȋ,2;2;2;2,2,8,2,1,1,8;4;2;1,128,1,-1;-1,333,332;333
24,10,state,333,ǳȢȣǴ,2;2;2;2,8,2,2,1,0,8;4;2;1,128,1,332;-1,335,333;335
24,10,state,334,ȻȣȤɑ,2;2;2;2,8,2,2,1,1,8;4;2;1,128,1,-1;-1,335,334;335
24,10,state,335,ǳȢǴȻȤɑ,2;2;2;2;2;2,8,8,2,1,1,32;16;8;4;2;1,512,1,333;334,336,335;336
24,10,state,336,ɦȷȡɩɾɿǳǴȻȤ,2;2;2;2;2;2;2;2;2;2,64,16,4,1,1,512;256;128;64;32;16;8;4;2;1,8192,1,331;335,337,336;337
24,10,state,337,ʎɣɸʐɌɍʼ˫ʣʊʢɲəȪǺǹȧɓɔɦɩɾɿȻ,2;2;2;2;2;2;2;2;2;2;2;2;2;2;2;2;2;2;2;2;2;2;2;2,524288,32,32,1,1,8388608;4194304;2097152;1048576;524288;262144;131072;65536;32768;16384;8192;4096;2048;1024;512;256;128;64;32;16;8;4;2;1,134217728,1,325;336,349,337;349
24,10,state,338,ɾʬʭʔ,2;2;2;2,2,8,2,1,1,8;4;2;1,128,1,-1;-1,339,338;339
24,10,state,339,ɾʬʭɽ,2;2;2;2,8,2,2,1,0,8;4;2;1,128,1,338;-1,341,339;341
24,10,state,340,ɽɥɦʓ,2;2;2;2,8,2,2,1,1,8;4;2;1,128,1,-1;-1,341,340;341
24,10,state,341,ɾʬʭɥɦʓ,2;2;2;2;2;2,8,8,2,1,0,32;16;8;4;2;1,512,1,339;340,344,341;344
24,10,state,342,ɺɣɤʒ,2;2;2;2,8,2,2,1,1,8;4;2;1,128,1,-1;-1,343,342;343
24,10,state,343,ɺɣʒɥɌɍ,2;2;2;2;2;2,8,8,2,1,1,32;16;8;4;2;1,512,1,342;-1,344,343;344
24,10,state,344,ɾʬʭɦʓɺɣʒɌɍ,2;2;2;2;2;2;2;2;2;2,32,32,2,1,1,512;256;128;64;32;16;8;4;2;1,8192,1,341;343,348,344;348
24,10,state,345,ɺʨʩʐ,2;2;2;2,2,8,2,1,1,8;4;2;1,128,1,-1;-1,347,345;347
24,10,state,346,ʫʒʓˀˁʩ,2;2;2;2;2;2,8,8,2,1,1,32;16;8;4;2;1,512,1,-1;-1,347,346;347
24,10,state,347,ɺʨʐʫʒʓˀˁ,2;2;2;2;2;2;2;2,8,32,2,1,1,128;64;32;16;8;4;2;1,2048,1,345;346,348,347;348
24,10,state,348,ɾʬʭɦɣɌɍʨʐʫˀˁ,2;2;2;2;2;2;2;2;2;2;2;2,128,32,8,1,1,2048;1024;512;256;128;64;32;16;8;4;2;1,32768,1,344;347,349,348;349
24,10,state,349,ʎɸʼ˫ʣʊʢɲəȪǺǹȧɓɔɩɿȻʬʭʨʫˀˁ,2;2;2;2;2;2;2;2;2;2;2;2;2;2;2;2;2;2;2;2;2;2;2;2,262144,64,64,1,1,8388608;4194304;2097152;1048576;524288;262144;131072;65536;32768;16384;8192;4096;2048;1024;512;256;128;64;32;16;8;4;2;1,134217728,1,337;348,354,349;354
24,10,state,350,ǹȨȩȑ,2;2;2;2,2,8,2,1,1,8;4;2;1,128,1,-1;-1,351,350;351
24,10,state,351,ǹȨȩǺ,2;2;2;2,8,2,2,1,0,8;4;2;1,128,1,350;-1,353,351;353
24,10,state,352,ɀȩȪɘ,2;2;2;2,8,2,2,1,1,8;4;2;1,128,1,-1;-1,353,352;353
24,10,state,353,ǹȨǺɀȪɘ,2;2;2;2;2;2,8,8,2,1,1,32;16;8;4;2;1,512,1,351;352,354,353;354
24,10,state,354,ʎɸʼ˫ʣʊʢɲəȧɓɔɩɿȻʬʭʨʫˀˁȨɀɘ,2;2;2;2;2;2;2;2;2;2;2;2;2;2;2;2;2;2;2;2;2;2;2;2,2097152,8,8,1,1,8388608;4194304;2097152;1048576;524288;262144;131072;65536;32768;16384;8192;4096;2048;1024;512;256;128;64;32;16;8;4;2;1,134217728,1,349;353,361,354;361
24,10,state,355,Ⱦɬɭɔ,2;2;2;2,2,8,2,1,1,8;4;2;1,128,1,-1;-1,357,355;357
24,10,state,356,ȾȧȨɖ,2;2;2;2,8,2,2,1,1,8;4;2;1,128,1,-1;-1,357,356;357
24,10,state,357,ɬɭɔȧȨɖ,2;2;2;2;2;2,8,8,2,1,1,32;16;8;4;2;1,512,1,355;356,360,357;360
24,10,state,358,ɀɮɯɖ,2;2;2;2,2,8,2,1,1,8;4;2;1,128,1,-1;-1,359,358;359
24,10,state,359,ɀɯɖʄʅɭ,2;2;2;2;2;2,8,8,2,1,1,32;16;8;4;2;1,512,1,358;-1,360,359;360
24,10,state,360,ɬɔȧȨɀɯʄʅ,2;2;2;2;2;2;2;2,16,16,4,1,0,128;64;32;16;8;4;2;1,2048,1,357;359,361,360;361
24,10,state,361,ʎɸʼ˫ʣʊʢɲəɓɩɿȻʬʭʨʫˀˁɘɬɯʄʅ,2;2;2;2;2;2;2;2;2;2;2;2;2;2;2;2;2;2;2;2;2;2;2;2,1048576,16,16,1,1,8388608;4194304;2097152;1048576;524288;262144;131072;65536;32768;16384;8192;4096;2048;1024;512;256;128;64;32;16;8;4;2;1,134217728,1,354;360,363,361;363
24,10,state,362,ɰɘəʈʉɲ,2;2;2;2;2;2,8,8,2,1,1,32;16;8;4;2;1,512,1,-1;-1,363,362;363
24,10,state,363,ʎɸʼ˫ʣʊʢɓɩɿȻʬʭʨʫˀˁɬɯʄʅɰʈʉ,2;2;2;2;2;2;2;2;2;2;2;2;2;2;2;2;2;2;2;2;2;2;2;2,2097152,8,8,1,1,8388608;4194304;2097152;1048576;524288;262144;131072;65536;32768;16384;8192;4096;2048;1024;512;256;128;64;32;16;8;4;2;1,134217728,1,361;362,368,363;368
24,10,state,364,ʇɯɰʝ,2;2;2;2,8,2,2,1,1,8;4;2;1,128,1,-1;-1,365,364;365
24,10,state,365,ɯɰʝʞ,2;2;2;2,8,2,2,1,1,8;4;2;1,128,1,364;-1,367,365;367
24,10,state,366,ʈʶʷʞ,2;2;2;2,2,8,2,1,1,8;4;2;1,128,1,-1;-1,367,366;367
24,10,state,367,ɯɰʝʈʶʷ,2;2;2;2;2;2,8,8,2,1,0,32;16;8;4;2;1,512,1,365;366,368,367;368
24,10,state,368,ʎɸʼ˫ʣʊʢɓɩɿȻʬʭʨʫˀˁɬʄʅʉʝʶʷ,2;2;2;2;2;2;2;2;2;2;2;2;2;2;2;2;2;2;2;2;2;2;2;2,2097152,8,8,1,1,8388608;4194304;2097152;1048576;524288;262144;131072;65536;32768;16384;8192;4096;2048;1024;512;256;128;64;32;16;8;4;2;1,134217728,1,363;367,371,368;371
24,10,state,369,Ȼɪɫɓ,2;2;2;2,2,8,2,1,1,8;4;2;1,128,1,-1;-1,370,369;370
24,10,state,370,Ȼɫɓʀʁɩ,2;2;2;2;2;2,8,8,2,1,1,32;16;8;4;2;1,512,1,369;-1,371,370;371
24,10,state,371,ʎɸʼ˫ʣʊʢɿʬʭʨʫˀˁɬʄʅʉʝʶʷɫʀʁ,2;2;2;2;2;2;2;2;2;2;2;2;2;2;2;2;2;2;2;2;2;2;2;2,2097152,8,8,1,1,8388608;4194304;2097152;1048576;524288;262144;131072;65536;32768;16384;8192;4096;2048;1024;512;256;128;64;32;16;8;4;2;1,134217728,1,368;370,376,371;376
24,10,state,372,ʃɫɬʙ,2;2;2;2,8,2,2,1,1,8;4;2;1,128,1,-1;-1,373,372;373
24,10,state,373,ɫɬʙʚ,2;2;2;2,8,2,2,1,1,8;4;2;1,128,1,372;-1,375,373;375
24,10,state,374,ʁʰʱʙ,2;2;2;2,2,8,2,1,1,8;4;2;1,128,1,-1;-1,375,374;375
24,10,state,375,ɫɬʚʁʰʱ,2;2;2;2;2;2,8,8,2,1,1,32;16;8;4;2;1,512,1,373;374,376,375;376
24,10,state,376,ʎɸʼ˫ʣʊʢɿʬʭʨʫˀˁʄʅʉʝʶʷʀʚʰʱ,2;2;2;2;2;2;2;2;2;2;2;2;2;2;2;2;2;2;2;2;2;2;2;2,2097152,8,8,1,0,8388608;4194304;2097152;1048576;524288;262144;131072;65536;32768;16384;8192;4096;2048;1024;512;256;128;64;32;16;8;4;2;1,134217728,1,371;375,378,376;378
24,10,state,377,ʅʴʵʝ,2;2;2;2,2,8,2,1,1,8;4;2;1,128,1,-1;-1,378,377;378
24,10,state,378,ʎɸʼ˫ʣʊʢɿʬʭʨʫˀˁʄʉʶʷʀʚʰʱʴʵ,2;2;2;2;2;2;2;2;2;2;2;2;2;2;2;2;2;2;2;2;2;2;2;2,4194304,4,4,1,1,8388608;4194304;2097152;1048576;524288;262144;131072;65536;32768;16384;8192;4096;2048;1024;512;256;128;64;32;16;8;4;2;1,134217728,1,376;377,388,378;388
24,10,state,379,ʀʮʯʖ,2;2;2;2,2,8,2,1,1,8;4;2;1,128,1,-1;-1,380,379;380
24,10,state,380,ʀʮʯɿ,2;2;2;2,8,2,2,1,0,8;4;2;1,128,1,379;-1,383,380;383
24,10,state,381,˄ʭʮ˜,2;2;2;2,8,2,2,1,1,8;4;2;1,128,1,-1;-1,382,381;382
24,10,state,382,ʭʮ˜˛,2;2;2;2,8,2,2,1,1,8;4;2;1,128,1,381;-1,383,382;383
24,10,state,383,ʀʯɿʭ˜˛,2;2;2;2;2;2,8,8,2,1,1,32;16;8;4;2;1,512,1,380;382,387,383;387
24,10,state,384,ˇʯʰ˝,2;2;2;2,8,2,2,1,1,8;4;2;1,128,1,-1;-1,385,384;385
24,10,state,385,ʯʰ˝˞,2;2;2;2,8,2,2,1,1,8;4;2;1,128,1,384;-1,386,385;386
24,10,state,386,ʯʰ˞˴˵˜,2;2;2;2;2;2,8,8,2,1,1,32;16;8;4;2;1,512,1,385;-1,387,386;387
24,10,state,387,ʀɿʭ˛ʰ˞˴˵,2;2;2;2;2;2;2;2,16,16,4,1,1,128;64;32;16;8;4;2;1,2048,1,383;386,388,387;388
24,10,state,388,ʎɸʼ˫ʣʊʢʬʨʫˀˁʄʉʶʷʚʱʴʵ˛˞˴˵,2;2;2;2;2;2;2;2;2;2;2;2;2;2;2;2;2;2;2;2;2;2;2;2,1048576,16,16,1,1,8388608;4194304;2097152;1048576;524288;262144;131072;65536;32768;16384;8192;4096;2048;1024;512;256;128;64;32;16;8;4;2;1,134217728,1,378;387,392,388;392
24,10,state,389,ˊʳʴˢ,2;2;2;2,8,2,2,1,1,8;4;2;1,128,1,-1;-1,391,389;391
24,10,state,390,ʄʲʳʚ,2;2;2;2,2,8,2,1,1,8;4;2;1,128,1,-1;-1,391,390;391
24,10,state,391,ˊʴˢʄʲʚ,2;2;2;2;2;2,8,8,2,1,1,32;16;8;4;2;1,512,1,389;390,392,391;392
24,10,state,392,ʎɸʼ˫ʣʊʢʬʨʫˀˁʉʶʷʱʵ˛˞˴˵ˊˢʲ,2;2;2;2;2;2;2;2;2;2;2;2;2;2;2;2;2;2;2;2;2;2;2;2,2097152,8,8,1,1,8388608;4194304;2097152;1048576;524288;262144;131072;65536;32768;16384;8192;4096;2048;1024;512;256;128;64;32;16;8;4;2;1,134217728,1,388;391,393,392;393
24,10,state,393,ʎɸʼ˫ʣʊʢʬʨʫˀˁʉʶʷʵ˛˞˴˵ˊˢˈˉ,2;2;2;2;2;2;2;2;2;2;2;2;2;2;2;2;2;2;2;2;2;2;2;2,4194304,4,4,1,0,8388608;4194304;2097152;1048576;524288;262144;131072;65536;32768;16384;8192;4096;2048;1024;512;256;128;64;32;16;8;4;2;1,134217728,1,392;-1,399,393;399
24,10,state,394,ʊʸʹʠ,2;2;2;2,2,8,2,1,1,8;4;2;1,128,1,-1;-1,395,394;395
24,10,state,395,ʊʸʹʉ,2;2;2;2,8,2,2,1,0,8;4;2;1,128,1,394;-1,398,395;398
24,10,state,396,ˎʷʸ˦,2;2;2;2,8,2,2,1,1,8;4;2;1,128,1,-1;-1,397,396;397
24,10,state,397,ʷʸ˦˥,2;2;2;2,8,2,2,1,1,8;4;2;1,128,1,396;-1,398,397;398
24,10,state,398,ʊʹʉʷ˦˥,2;2;2;2;2;2,8,8,2,1,1,32;16;8;4;2;1,512,1,395;397,399,398;399
24,10,state,399,ʎɸʼ˫ʣʢʬʨʫˀˁʶʵ˛˞˴˵ˊˢˈˉʹ˦˥,2;2;2;2;2;2;2;2;2;2;2;2;2;2;2;2;2;2;2;2;2;2;2;2,2097152,8,8,1,1,8388608;4194304;2097152;1048576;524288;262144;131072;65536;32768;16384;8192;4096;2048;1024;512;256;128;64;32;16;8;4;2;1,134217728,1,393;398,400,399;400
24,10,state,400,ʎɸʼ˫ʬʨʫˀˁʶʵ˛˞˴˵ˊˢˈˉʹ˦˥ʺʻ,2;2;2;2;2;2;2;2;2;2;2;2;2;2;2;2;2;2;2;2;2;2;2;2,4194304,4,4,1,1,8388608;4194304;2097152;1048576;524288;262144;131072;65536;32768;16384;8192;4096;2048;1024;512;256;128;64;32;16;8;4;2;1,134217728,1,399;-1,401,400;401
24,10,state,401,ʎɸ˫ʬʨʫˀˁʶʵ˛˞˴˵ˊˢˈˉʹ˦˥ʺ˒˓,2;2;2;2;2;2;2;2;2;2;2;2;2;2;2;2;2;2;2;2;2;2;2;2,4194304,4,4,1,0,8388608;4194304;2097152;1048576;524288;262144;131072;65536;32768;16384;8192;4096;2048;1024;512;256;128;64;32;16;8;4;2;1,134217728,1,400;-1,404,401;404
24,10,state,402,ˊ˸˹ˠ,2;2;2;2,2,8,2,1,1,8;4;2;1,128,1,-1;-1,403,402;403
24,10,state,403,ˊ˸˹ˉ,2;2;2;2,8,2,2,1,0,8;4;2;1,128,1,402;-1,404,403;404
24,10,state,404,ʎɸ˫ʬʨʫˀˁʶʵ˛˞˴˵ˢˈʹ˦˥ʺ˒˓˸˹,2;2;2;2;2;2;2;2;2;2;2;2;2;2;2;2;2;2;2;2;2;2;2;2,4194304,4,4,1,1,8388608;4194304;2097152;1048576;524288;262144;131072;65536;32768;16384;8192;4096;2048;1024;512;256;128;64;32;16;8;4;2;1,134217728,1,401;403,412,404;412
24,10,state,405,˒̀́˨,2;2;2;2,2,8,2,1,1,8;4;2;1,128,1,-1;-1,407,405;407
24,10,state,406,̗˿̭̀,2;2;2;2,8,2,2,1,1,8;4;2;1,128,1,-1;-1,407,406;407
24,10,state,407,˒́˨̗˿̭,2;2;2;2;2;2,8,8,2,1,1,32;16;8;4;2;1,512,1,405;406,411,407;411
24,10,state,408,ːʹʺ˨,2;2;2;2,8,2,2,1,1,8;4;2;1,128,1,-1;-1,410,408;410
24,10,state,409,ː˾˿˦,2;2;2;2,2,8,2,1,1,8;4;2;1,128,1,-1;-1,410,409;410
24,10,state,410,ʹʺ˨˾˿˦,2;2;2;2;2;2,8,8,2,1,1,32;16;8;4;2;1,512,1,408;409,411,410;411
24,10,state,411,˒̗̭́ʹʺ˾˦,2;2;2;2;2;2;2;2,16,16,4,1,1,128;64;32;16;8;4;2;1,2048,1,407;410,412,411;412
24,10,state,412,ʎɸ˫ʬʨʫˀˁʶʵ˛˞˴˵ˢˈ˥˓˸˹̗̭́˾,2;2;2;2;2;2;2;2;2;2;2;2;2;2;2;2;2;2;2;2;2;2;2;2,1048576,16,16,1,1,8388608;4194304;2097152;1048576;524288;262144;131072;65536;32768;16384;8192;4096;2048;1024;512;256;128;64;32;16;8;4;2;1,134217728,1,404;411,421,412;421
24,10,state,413,̕˽˾̫,2;2;2;2,8,2,2,1,1,8;4;2;1,128,1,-1;-1,414,413;414
24,10,state,414,˽˾̫̬,2;2;2;2,8,2,2,1,1,8;4;2;1,128,1,413;-1,416,414;416
24,10,state,415,ˍ˼˽˥,2;2;2;2,2,8,2,1,1,8;4;2;1,128,1,-1;-1,416,415;416
24,10,state,416,˾̫̬ˍ˼˥,2;2;2;2;2;2,8,8,2,1,1,32;16;8;4;2;1,512,1,414;415,420,416;420
24,10,state,417,ˌ˺˻ˢ,2;2;2;2,2,8,2,1,1,8;4;2;1,128,1,-1;-1,418,417;418
24,10,state,418,ˌ˻ˢ̐̑˹,2;2;2;2;2;2,8,8,2,1,1,32;16;8;4;2;1,512,1,417;-1,419,418;419
24,10,state,419,˻ˢ̐̑˹ˍʵʶ,2;2;2;2;2;2;2;2,32,8,2,1,1,128;64;32;16;8;4;2;1,2048,1,418;-1,420,419;420
24,10,state,420,˾̫̬˼˥˻ˢ̐̑˹ʵʶ,2;2;2;2;2;2;2;2;2;2;2;2,32,128,2,1,1,2048;1024;512;256;128;64;32;16;8;4;2;1,32768,1,416;419,421,420;421
24,10,state,421,ʎɸ˫ʬʨʫˀˁ˛˞˴˵ˈ˓˸̗̭̫̬́˼˻̐̑,2;2;2;2;2;2;2;2;2;2;2;2;2;2;2;2;2;2;2;2;2;2;2;2,262144,64,64,1,0,8388608;4194304;2097152;1048576;524288;262144;131072;65536;32768;16384;8192;4096;2048;1024;512;256;128;64;32;16;8;4;2;1,134217728,1,412;420,422,421;422
24,10,state,422,ʎɸ˫ʬʨʫˀˁ˛˞˴˵ˈ˸̗̭̫̬́˼˻̐̑˪,2;2;2;2;2;2;2;2;2;2;2;2;2;2;2;2;2;2;2;2;2;2;2;2,8388608,2,2,1,1,8388608;4194304;2097152;1048576;524288;262144;131072;65536;32768;16384;8192;4096;2048;1024;512;256;128;64;32;16;8;4;2;1,134217728,1,421;-1,424,422;424
24,10,state,423,ˈ˶˷˞,2;2;2;2,2,8,2,1,1,8;4;2;1,128,1,-1;-1,424,423;424
24,10,state,424,ʎɸ˫ʬʨʫˀˁ˛˴˵˸̗̭̫̬́˼˻̐̑˪˶˷,2;2;2;2;2;2;2;2;2;2;2;2;2;2;2;2;2;2;2;2;2;2;2;2,4194304,4,4,1,1,8388608;4194304;2097152;1048576;524288;262144;131072;65536;32768;16384;8192;4096;2048;1024;512;256;128;64;32;16;8;4;2;1,134217728,1,422;423,425,424;425
24,10,state,425,ʎɸ˫ʬʨʫˀˁ˛˴˸̗̭̫̬́˼˻̐̑˪˷̌̍,2;2;2;2;2;2;2;2;2;2;2;2;2;2;2;2;2;2;2;2;2;2;2;2,4194304,4,4,1,1,8388608;4194304;2097152;1048576;524288;262144;131072;65536;32768;16384;8192;4096;2048;1024;512;256;128;64;32;16;8;4;2;1,134217728,1,424;-1,431,425;431
24,10,state,426,͈͉̰̃,2;2;2;2,2,8,2,1,1,8;4;2;1,128,1,-1;-1,427,426;427
24,10,state,427,͈͉̙̃,2;2;2;2,8,2,2,1,0,8;4;2;1,128,1,426;-1,428,427;428
24,10,state,428,͈̙̃ͷ,2;2;2;2,8,2,2,1,1,8;4;2;1,128,1,427;-1,430,428;430
24,10,state,429,̃˪˫̘̙́,2;2;2;2;2;2,8,8,2,1,1,32;16;8;4;2;1,512,1,-1;-1,430,429;430
24,10,state,430,͈ͷ˪˫̘́,2;2;2;2;2;2,4,16,4,1,1,32;16;8;4;2;1,512,1,428;429,431,430;431
24,10,state,431,ʎɸʬʨʫˀˁ˛˴˸̗̭̫̬˼˻̐̑˷͈̌̍ͷ̘,2;2;2;2;2;2;2;2;2;2;2;2;2;2;2;2;2;2;2;2;2;2;2;2,2097152,8,8,1,1,8388608;4194304;2097152;1048576;524288;262144;131072;65536;32768;16384;8192;4096;2048;1024;512;256;128;64;32;16;8;4;2;1,134217728,1,425;430,434,431;434
24,10,state,432,̓˻˼̩,2;2;2;2,8,2,2,1,1,8;4;2;1,128,1,-1;-1,433,432;433
24,10,state,433,˻˼̩̪,2;2;2;2,8,2,2,1,1,8;4;2;1,128,1,432;-1,434,433;434
24,10,state,434,ʎɸʬʨʫˀˁ˛˴˸̗̭̫̬̐̑˷͈̌̍ͷ̘̩̪,2;2;2;2;2;2;2;2;2;2;2;2;2;2;2;2;2;2;2;2;2;2;2;2,4194304,4,4,1,1,8388608;4194304;2097152;1048576;524288;262144;131072;65536;32768;16384;8192;4096;2048;1024;512;256;128;64;32;16;8;4;2;1,134217728,1,431;433,444,434;444
24,10,state,435,̎˷˸̦,2;2;2;2,8,2,2,1,1,8;4;2;1,128,1,-1;-1,436,435;436
24,10,state,436,˷˸̦̥,2;2;2;2,8,2,2,1,1,8;4;2;1,128,1,435;-1,438,436;438
24,10,state,437,̦̐̾̿,2;2;2;2,2,8,2,1,1,8;4;2;1,128,1,-1;-1,438,437;438
24,10,state,438,˷˸̥̐̾̿,2;2;2;2;2;2,8,8,2,1,1,32;16;8;4;2;1,512,1,436;437,443,438;443
24,10,state,439,͔̽̾ͬ,2;2;2;2,8,2,2,1,1,8;4;2;1,128,1,-1;-1,440,439;440
24,10,state,440,̽̾ͬͫ,2;2;2;2,8,2,2,1,1,8;4;2;1,128,1,439;-1,442,440;442
24,10,state,441,̼̥̍̽,2;2;2;2,2,8,2,1,1,8;4;2;1,128,1,-1;-1,442,441;442
24,10,state,442,̼̥̾ͬͫ̍,2;2;2;2;2;2,8,8,2,1,1,32;16;8;4;2;1,512,1,440;441,443,442;443
24,10,state,443,˷˸̼̐̿ͬͫ̍,2;2;2;2;2;2;2;2,16,16,4,1,1,128;64;32;16;8;4;2;1,2048,1,438;442,444,443;444
24,10,state,444,ʎɸʬʨʫˀˁ˛˴̗̭̫̬͈̑̌ͷ̘̩̪̼̿ͬͫ,2;2;2;2;2;2;2;2;2;2;2;2;2;2;2;2;2;2;2;2;2;2;2;2,1048576,16,16,1,1,8388608;4194304;2097152;1048576;524288;262144;131072;65536;32768;16384;8192;4096;2048;1024;512;256;128;64;32;16;8;4;2;1,134217728,1,434;443,449,444;449
24,10,state,445,͗̿̀ͭ,2;2;2;2,8,2,2,1,1,8;4;2;1,128,1,-1;-1,446,445;446
24,10,state,446,̿̀ͭͮ,2;2;2;2,8,2,2,1,1,8;4;2;1,128,1,445;-1,448,446;448
24,10,state,447,̩̑̀́,2;2;2;2,2,8,2,1,1,8;4;2;1,128,1,-1;-1,448,447;448
24,10,state,448,̩̿ͭͮ̑́,2;2;2;2;2;2,8,8,2,1,1,32;16;8;4;2;1,512,1,446;447,449,448;449
24,10,state,449,ʎɸʬʨʫˀˁ˛˴̗̭̫̬͈̌ͷ̘̪̼ͬͫͭͮ́,2;2;2;2;2;2;2;2;2;2;2;2;2;2;2;2;2;2;2;2;2;2;2;2,2097152,8,8,1,1,8388608;4194304;2097152;1048576;524288;262144;131072;65536;32768;16384;8192;4096;2048;1024;512;256;128;64;32;16;8;4;2;1,134217728,1,444;448,453,449;453
24,10,state,450,͙́͂ͯ,2;2;2;2,8,2,2,1,1,8;4;2;1,128,1,-1;-1,451,450;451
24,10,state,451,́͂ͯͰ,2;2;2;2,8,2,2,1,1,8;4;2;1,128,1,450;-1,452,451;452
24,10,state,452,́ͯͰ̪̫̓,2;2;2;2;2;2,8,8,2,1,1,32;16;8;4;2;1,512,1,451;-1,453,452;453
24,10,state,453,ʎɸʬʨʫˀˁ˛˴̗̭̬͈̌ͷ̘̼ͬͫͭͮͯͰ̓,2;2;2;2;2;2;2;2;2;2;2;2;2;2;2;2;2;2;2;2;2;2;2;2,2097152,8,8,1,0,8388608;4194304;2097152;1048576;524288;262144;131072;65536;32768;16384;8192;4096;2048;1024;512;256;128;64;32;16;8;4;2;1,134217728,1,449;452,457,453;457
24,10,state,454,͛̓̈́ͱ,2;2;2;2,8,2,2,1,1,8;4;2;1,128,1,-1;-1,455,454;455
24,10,state,455,̓̈́ͱͲ,2;2;2;2,8,2,2,1,1,8;4;2;1,128,1,454;-1,456,455;456
24,10,state,456,̓ͱͲ̬̭ͅ,2;2;2;2;2;2,8,8,2,1,1,32;16;8;4;2;1,512,1,455;-1,457,456;457
24,10,state,457,ʎɸʬʨʫˀˁ˛˴̗͈̌ͷ̘̼ͬͫͭͮͯͰͱͲͅ,2;2;2;2;2;2;2;2;2;2;2;2;2;2;2;2;2;2;2;2;2;2;2;2,2097152,8,8,1,0,8388608;4194304;2097152;1048576;524288;262144;131072;65536;32768;16384;8192;4096;2048;1024;512;256;128;64;32;16;8;4;2;1,134217728,1,453;456,466,457;466
24,10,state,458,͆͜ͅʹ,2;2;2;2,8,2,2,1,1,8;4;2;1,128,1,-1;-1,459,458;459
24,10,state,459,͆ͅʹͳ,2;2;2;2,8,2,2,1,1,8;4;2;1,128,1,458;-1,462,459;462
24,10,state,460,̗͇̯͆,2;2;2;2,2,8,2,1,1,8;4;2;1,128,1,-1;-1,461,460;461
24,10,state,461,̗͇̘͆,2;2;2;2,8,2,2,1,0,8;4;2;1,128,1,460;-1,462,461;462
24,10,state,462,ͅʹͳ̗͇̘,2;2;2;2;2;2,8,8,2,1,1,32;16;8;4;2;1,512,1,459;461,465,462;465
24,10,state,463,͇͈͟͵,2;2;2;2,8,2,2,1,1,8;4;2;1,128,1,-1;-1,464,463;464
24,10,state,464,͇͈͵Ͷ,2;2;2;2,8,2,2,1,1,8;4;2;1,128,1,463;-1,465,464;465
24,10,state,465,ͅʹͳ̗̘͈͵Ͷ,2;2;2;2;2;2;2;2,32,8,2,1,1,128;64;32;16;8;4;2;1,2048,1,462;464,466,465;466
24,10,state,466,ʎɸʬʨʫˀˁ˛˴̌ͷ̼ͬͫͭͮͯͰͱͲʹͳ͵Ͷ,2;2;2;2;2;2;2;2;2;2;2;2;2;2;2;2;2;2;2;2;2;2;2;2,1048576,16,16,1,0,8388608;4194304;2097152;1048576;524288;262144;131072;65536;32768;16384;8192;4096;2048;1024;512;256;128;64;32;16;8;4;2;1,134217728,1,457;465,480,466;480
24,10,state,467,ʦˬ˭˕,2;2;2;2,2,8,2,1,1,8;4;2;1,128,1,-1;-1,468,467;468
24,10,state,468,ʦ˭˕̚,2;2;2;2,8,2,2,1,1,8;4;2;1,128,1,467;-1,469,468;469
24,10,state,469,ʦ˭̚ʾ,2;2;2;2,8,2,2,1,1,8;4;2;1,128,1,468;-1,470,469;470
24,10,state,470,ʦ̚ʾ̄̅ˮ,2;2;2;2;2;2,8,8,2,1,1,32;16;8;4;2;1,512,1,469;-1,473,470;473
24,10,state,471,̲̳̄̚,2;2;2;2,2,8,2,1,1,8;4;2;1,128,1,-1;-1,472,471;472
24,10,state,472,̳̄̚͠,2;2;2;2,8,2,2,1,1,8;4;2;1,128,1,471;-1,473,472;473
24,10,state,473,ʦʾ̅ˮ̳͠,2;2;2;2;2;2,16,4,4,1,1,32;16;8;4;2;1,512,1,470;472,479,473;479
24,10,state,474,ˀˮ˯˖,2;2;2;2,2,8,2,1,1,8;4;2;1,128,1,-1;-1,475,474;475
24,10,state,475,ˀˮ˯ʿ,2;2;2;2,8,2,2,1,0,8;4;2;1,128,1,474;-1,476,475;476
24,10,state,476,ˀˮ˯ʾʧʨ,2;2;2;2;2;2,8,8,2,1,0,32;16;8;4;2;1,512,1,475;-1,478,476;478
24,10,state,477,ɸʦʧʎ,2;2;2;2,2,8,2,1,1,8;4;2;1,128,1,-1;-1,478,477;478
24,10,state,478,ˀˮ˯ʾʨɸʦʎ,2;2;2;2;2;2;2;2,32,8,2,1,1,128;64;32;16;8;4;2;1,2048,1,476;477,479,478;479
24,10,state,479,̳̅͠ˀ˯ʨɸʎ,2;2;2;2;2;2;2;2,8,32,8,1,1,128;64;32;16;8;4;2;1,2048,1,473;478,480,479;480
24,10,state,480,ʬʫˁ˛˴̌ͷ̼ͬͫͭͮͯͰͱͲʹͳ͵Ͷ̳̅͠˯,2;2;2;2;2;2;2;2;2;2;2;2;2;2;2;2;2;2;2;2;2;2;2;2,1048576,16,16,1,1,8388608;4194304;2097152;1048576;524288;262144;131072;65536;32768;16384;8192;4096;2048;1024;512;256;128;64;32;16;8;4;2;1,134217728,1,466;479,499,480;499
24,10,state,481,ˁ˰˱˙,2;2;2;2,2,8,2,1,1,8;4;2;1,128,1,-1;-1,483,481;483
24,10,state,482,̇˯˰̝,2;2;2;2,8,2,2,1,1,8;4;2;1,128,1,-1;-1,483,482;483
24,10,state,483,ˁ˱˙̇˯̝,2;2;2;2;2;2,8,8,2,1,1,32;16;8;4;2;1,512,1,481;482,487,483;487
24,10,state,484,̶̷̞̈,2;2;2;2,2,8,2,1,1,8;4;2;1,128,1,-1;-1,485,484;485
24,10,state,485,̶̷̈̇,2;2;2;2,8,2,2,1,0,8;4;2;1,128,1,484;-1,486,485;486
24,10,state,486,̶̷̇̉˱˲,2;2;2;2;2;2,8,8,2,1,1,32;16;8;4;2;1,512,1,485;-1,487,486;487
24,10,state,487,ˁ˙˯̶̷̝̉˲,2;2;2;2;2;2;2;2,16,16,4,1,1,128;64;32;16;8;4;2;1,2048,1,483;486,491,487;491
24,10,state,488,˃ʫʬ˙,2;2;2;2,8,2,2,1,1,8;4;2;1,128,1,-1;-1,489,488;489
24,10,state,489,ʫʬ˙˚,2;2;2;2,8,2,2,1,1,8;4;2;1,128,1,488;-1,490,489;490
24,10,state,490,ʫʬ˙˲˳˛,2;2;2;2;2;2,8,8,2,1,0,32;16;8;4;2;1,512,1,489;-1,491,490;491
24,10,state,491,ˁ˯̶̷̝̉ʫʬ˳˛,2;2;2;2;2;2;2;2;2;2,64,16,4,1,0,512;256;128;64;32;16;8;4;2;1,8192,1,487;490,498,491;498
24,10,state,492,̋˳˴̡,2;2;2;2,8,2,2,1,1,8;4;2;1,128,1,-1;-1,494,492;494
24,10,state,493,̸̡̹̉,2;2;2;2,2,8,2,1,1,8;4;2;1,128,1,-1;-1,494,493;494
24,10,state,494,̋˳˴̸̹̉,2;2;2;2;2;2,8,8,2,1,0,32;16;8;4;2;1,512,1,492;493,497,494;497
24,10,state,495,͏̷̸ͥ,2;2;2;2,8,2,2,1,1,8;4;2;1,128,1,-1;-1,496,495;496
24,10,state,496,̷̸ͥͦ,2;2;2;2,8,2,2,1,1,8;4;2;1,128,1,495;-1,497,496;497
24,10,state,497,̋˳˴̷̹̉ͥͦ,2;2;2;2;2;2;2;2,32,8,2,1,1,128;64;32;16;8;4;2;1,2048,1,494;496,498,497;498
24,10,state,498,ˁ˯̶̝ʫʬ˛̋˴̹ͥͦ,2;2;2;2;2;2;2;2;2;2;2;2,128,32,8,1,1,2048;1024;512;256;128;64;32;16;8;4;2;1,32768,1,491;497,499,498;499
24,10,state,499,̌ͷ̼ͬͫͭͮͯͰͱͲʹͳ͵Ͷ̶̳̝̹̅̋ͥͦ͠,2;2;2;2;2;2;2;2;2;2;2;2;2;2;2;2;2;2;2;2;2;2;2;2,262144,64,64,1,0,8388608;4194304;2097152;1048576;524288;262144;131072;65536;32768;16384;8192;4096;2048;1024;512;256;128;64;32;16;8;4;2;1,134217728,1,480;498,508,499;508
24,10,state,500,̺̻̣̋,2;2;2;2,2,8,2,1,1,8;4;2;1,128,1,-1;-1,501,500;501
24,10,state,501,̺̻̋̌,2;2;2;2,8,2,2,1,0,8;4;2;1,128,1,500;-1,504,501;504
24,10,state,502,͓̻̼ͩ,2;2;2;2,8,2,2,1,1,8;4;2;1,128,1,-1;-1,503,502;503
24,10,state,503,̻̼ͩͪ,2;2;2;2,8,2,2,1,1,8;4;2;1,128,1,502;-1,504,503;504
24,10,state,504,̺̼̋̌ͩͪ,2;2;2;2;2;2,8,8,2,1,1,32;16;8;4;2;1,512,1,501;503,507,504;507
24,10,state,505,̹̺͑ͧ,2;2;2;2,8,2,2,1,1,8;4;2;1,128,1,-1;-1,506,505;506
24,10,state,506,̹̺ͧͨ,2;2;2;2,8,2,2,1,1,8;4;2;1,128,1,505;-1,507,506;507
24,10,state,507,̼̹̋̌ͩͪͧͨ,2;2;2;2;2;2;2;2,32,8,2,1,1,128;64;32;16;8;4;2;1,2048,1,504;506,508,507;508
24,10,state,508,ͷͬͫͭͮͯͰͱͲʹͳ͵Ͷ̶̳̝̅ͥͦͩͪͧͨ͠,2;2;2;2;2;2;2;2;2;2;2;2;2;2;2;2;2;2;2;2;2;2;2;2,1048576,16,16,1,1,8388608;4194304;2097152;1048576;524288;262144;131072;65536;32768;16384;8192;4096;2048;1024;512;256;128;64;32;16;8;4;2;1,134217728,1,499;507,516,508;516
24,10,state,509,̵̶͍ͣ,2;2;2;2,8,2,2,1,1,8;4;2;1,128,1,-1;-1,510,509;510
24,10,state,510,̵̶ͣͤ,2;2;2;2,8,2,2,1,1,8;4;2;1,128,1,509;-1,512,510;512
24,10,state,511,̴̵̝̅,2;2;2;2,2,8,2,1,1,8;4;2;1,128,1,-1;-1,512,511;512
24,10,state,512,̶̴̝ͣͤ̅,2;2;2;2;2;2,8,8,2,1,1,32;16;8;4;2;1,512,1,510;511,515,512;515
24,10,state,513,̴̳͊͢,2;2;2;2,8,2,2,1,1,8;4;2;1,128,1,-1;-1,514,513;514
24,10,state,514,̴̳͢͡,2;2;2;2,8,2,2,1,1,8;4;2;1,128,1,513;-1,515,514;515
24,10,state,515,̶̝̳ͣͤ̅͢͡,2;2;2;2;2;2;2;2,32,8,2,1,1,128;64;32;16;8;4;2;1,2048,1,512;514,516,515;516
24,10,state,516,ͣͤͥͦͧͨͩͪͫͬͭͮͯ͢͠͡ͰͱͲͳʹ͵Ͷͷ,2;2;2;2;2;2;2;2;2;2;2;2;2;2;2;2;2;2;2;2;2;2;2;2,1048576,16,16,1,1,8388608;4194304;2097152;1048576;524288;262144;131072;65536;32768;16384;8192;4096;2048;1024;512;256;128;64;32;16;8;4;2;1,134217728,1,508;515,517,516;517
